#pragma once
/*
    #version:1# (machine generated, don't edit!)

    Generated by sokol-shdc (https://github.com/floooh/sokol-tools)

    Cmdline:
        sokol-shdc --input shaders.glsl --output shaders.glsl.h --slang glsl410:hlsl5:metal_macos

    Overview:
    =========
    Shader program: 'cell':
        Get shader desc: cell_shader_desc(sg_query_backend());
        Vertex Shader: cell_vs
        Fragment Shader: cell_fs
        Attributes:
            ATTR_cell_aCorner => 0
            ATTR_cell_aRect => 1
            ATTR_cell_aUV => 2
            ATTR_cell_aColor => 3
            ATTR_cell_aFlags => 4
    Shader program: 'image':
        Get shader desc: image_shader_desc(sg_query_backend());
        Vertex Shader: image_vs
        Fragment Shader: image_fs
        Attributes:
            ATTR_image_aCorner => 0
    Bindings:
        Uniform block 'cell_vs_params':
            C struct: cell_vs_params_t
            Bind slot: UB_cell_vs_params => 0
        Uniform block 'cell_fs_params':
            C struct: cell_fs_params_t
            Bind slot: UB_cell_fs_params => 1
        Uniform block 'image_vs_params':
            C struct: image_vs_params_t
            Bind slot: UB_image_vs_params => 0
        Texture 'uColorAtlas':
            Image type: SG_IMAGETYPE_2D
            Sample type: SG_IMAGESAMPLETYPE_FLOAT
            Multisampled: false
            Bind slot: VIEW_uColorAtlas => 1
        Texture 'uAtlas':
            Image type: SG_IMAGETYPE_2D
            Sample type: SG_IMAGESAMPLETYPE_FLOAT
            Multisampled: false
            Bind slot: VIEW_uAtlas => 0
        Texture 'uTex':
            Image type: SG_IMAGETYPE_2D
            Sample type: SG_IMAGESAMPLETYPE_FLOAT
            Multisampled: false
            Bind slot: VIEW_uTex => 0
        Sampler 'uSmp':
            Type: SG_SAMPLERTYPE_FILTERING
            Bind slot: SMP_uSmp => 0
        Sampler 'uImgSmp':
            Type: SG_SAMPLERTYPE_FILTERING
            Bind slot: SMP_uImgSmp => 0
*/
#if !defined(SOKOL_GFX_INCLUDED)
#error "Please include sokol_gfx.h before shaders.glsl.h"
#endif
#if !defined(SOKOL_SHDC_ALIGN)
#if defined(_MSC_VER)
#define SOKOL_SHDC_ALIGN(a) __declspec(align(a))
#else
#define SOKOL_SHDC_ALIGN(a) __attribute__((aligned(a)))
#endif
#endif
#define ATTR_cell_aCorner (0)
#define ATTR_cell_aRect (1)
#define ATTR_cell_aUV (2)
#define ATTR_cell_aColor (3)
#define ATTR_cell_aFlags (4)
#define ATTR_image_aCorner (0)
#define UB_cell_vs_params (0)
#define UB_cell_fs_params (1)
#define UB_image_vs_params (0)
#define VIEW_uColorAtlas (1)
#define VIEW_uAtlas (0)
#define VIEW_uTex (0)
#define SMP_uSmp (0)
#define SMP_uImgSmp (0)
#pragma pack(push,1)
SOKOL_SHDC_ALIGN(16) typedef struct cell_vs_params_t {
    float uScreen[4];
} cell_vs_params_t;
#pragma pack(pop)
#pragma pack(push,1)
SOKOL_SHDC_ALIGN(16) typedef struct cell_fs_params_t {
    float uOpacity;
    uint8_t _pad_4[12];
} cell_fs_params_t;
#pragma pack(pop)
#pragma pack(push,1)
SOKOL_SHDC_ALIGN(16) typedef struct image_vs_params_t {
    float uScreen[2];
    uint8_t _pad_8[8];
    float uRect[4];
} image_vs_params_t;
#pragma pack(pop)
/*
    #version 410

    uniform vec4 cell_vs_params[1];
    layout(location = 1) in vec4 aRect;
    layout(location = 0) in vec2 aCorner;
    layout(location = 0) out vec2 vUV;
    layout(location = 2) in vec4 aUV;
    layout(location = 1) out vec4 vColor;
    layout(location = 3) in vec4 aColor;
    layout(location = 2) out float vIsGlyph;
    layout(location = 4) in vec4 aFlags;
    layout(location = 6) out float vRadius;
    layout(location = 3) out float vShape;
    layout(location = 5) out vec2 vHalf;
    layout(location = 4) out vec2 vLocal;

    void main()
    {
        vec2 _31 = (cell_vs_params[0].zw + aRect.xy) + (aCorner * aRect.zw);
        gl_Position = vec4(((_31.x / cell_vs_params[0].x) * 2.0) - 1.0, 1.0 - ((_31.y / cell_vs_params[0].y) * 2.0), 0.0, 1.0);
        vUV = mix(aUV.xy, aUV.zw, aCorner);
        vColor = aColor;
        vIsGlyph = aFlags.x * 255.0;
        vRadius = aFlags.y * 255.0;
        vShape = aFlags.z * 255.0;
        vHalf = aRect.zw * 0.5;
        vLocal = (aCorner - vec2(0.5)) * aRect.zw;
    }

*/
static const uint8_t cell_vs_source_glsl410[944] = {
    0x23,0x76,0x65,0x72,0x73,0x69,0x6f,0x6e,0x20,0x34,0x31,0x30,0x0a,0x0a,0x75,0x6e,
    0x69,0x66,0x6f,0x72,0x6d,0x20,0x76,0x65,0x63,0x34,0x20,0x63,0x65,0x6c,0x6c,0x5f,
    0x76,0x73,0x5f,0x70,0x61,0x72,0x61,0x6d,0x73,0x5b,0x31,0x5d,0x3b,0x0a,0x6c,0x61,
    0x79,0x6f,0x75,0x74,0x28,0x6c,0x6f,0x63,0x61,0x74,0x69,0x6f,0x6e,0x20,0x3d,0x20,
    0x31,0x29,0x20,0x69,0x6e,0x20,0x76,0x65,0x63,0x34,0x20,0x61,0x52,0x65,0x63,0x74,
    0x3b,0x0a,0x6c,0x61,0x79,0x6f,0x75,0x74,0x28,0x6c,0x6f,0x63,0x61,0x74,0x69,0x6f,
    0x6e,0x20,0x3d,0x20,0x30,0x29,0x20,0x69,0x6e,0x20,0x76,0x65,0x63,0x32,0x20,0x61,
    0x43,0x6f,0x72,0x6e,0x65,0x72,0x3b,0x0a,0x6c,0x61,0x79,0x6f,0x75,0x74,0x28,0x6c,
    0x6f,0x63,0x61,0x74,0x69,0x6f,0x6e,0x20,0x3d,0x20,0x30,0x29,0x20,0x6f,0x75,0x74,
    0x20,0x76,0x65,0x63,0x32,0x20,0x76,0x55,0x56,0x3b,0x0a,0x6c,0x61,0x79,0x6f,0x75,
    0x74,0x28,0x6c,0x6f,0x63,0x61,0x74,0x69,0x6f,0x6e,0x20,0x3d,0x20,0x32,0x29,0x20,
    0x69,0x6e,0x20,0x76,0x65,0x63,0x34,0x20,0x61,0x55,0x56,0x3b,0x0a,0x6c,0x61,0x79,
    0x6f,0x75,0x74,0x28,0x6c,0x6f,0x63,0x61,0x74,0x69,0x6f,0x6e,0x20,0x3d,0x20,0x31,
    0x29,0x20,0x6f,0x75,0x74,0x20,0x76,0x65,0x63,0x34,0x20,0x76,0x43,0x6f,0x6c,0x6f,
    0x72,0x3b,0x0a,0x6c,0x61,0x79,0x6f,0x75,0x74,0x28,0x6c,0x6f,0x63,0x61,0x74,0x69,
    0x6f,0x6e,0x20,0x3d,0x20,0x33,0x29,0x20,0x69,0x6e,0x20,0x76,0x65,0x63,0x34,0x20,
    0x61,0x43,0x6f,0x6c,0x6f,0x72,0x3b,0x0a,0x6c,0x61,0x79,0x6f,0x75,0x74,0x28,0x6c,
    0x6f,0x63,0x61,0x74,0x69,0x6f,0x6e,0x20,0x3d,0x20,0x32,0x29,0x20,0x6f,0x75,0x74,
    0x20,0x66,0x6c,0x6f,0x61,0x74,0x20,0x76,0x49,0x73,0x47,0x6c,0x79,0x70,0x68,0x3b,
    0x0a,0x6c,0x61,0x79,0x6f,0x75,0x74,0x28,0x6c,0x6f,0x63,0x61,0x74,0x69,0x6f,0x6e,
    0x20,0x3d,0x20,0x34,0x29,0x20,0x69,0x6e,0x20,0x76,0x65,0x63,0x34,0x20,0x61,0x46,
    0x6c,0x61,0x67,0x73,0x3b,0x0a,0x6c,0x61,0x79,0x6f,0x75,0x74,0x28,0x6c,0x6f,0x63,
    0x61,0x74,0x69,0x6f,0x6e,0x20,0x3d,0x20,0x36,0x29,0x20,0x6f,0x75,0x74,0x20,0x66,
    0x6c,0x6f,0x61,0x74,0x20,0x76,0x52,0x61,0x64,0x69,0x75,0x73,0x3b,0x0a,0x6c,0x61,
    0x79,0x6f,0x75,0x74,0x28,0x6c,0x6f,0x63,0x61,0x74,0x69,0x6f,0x6e,0x20,0x3d,0x20,
    0x33,0x29,0x20,0x6f,0x75,0x74,0x20,0x66,0x6c,0x6f,0x61,0x74,0x20,0x76,0x53,0x68,
    0x61,0x70,0x65,0x3b,0x0a,0x6c,0x61,0x79,0x6f,0x75,0x74,0x28,0x6c,0x6f,0x63,0x61,
    0x74,0x69,0x6f,0x6e,0x20,0x3d,0x20,0x35,0x29,0x20,0x6f,0x75,0x74,0x20,0x76,0x65,
    0x63,0x32,0x20,0x76,0x48,0x61,0x6c,0x66,0x3b,0x0a,0x6c,0x61,0x79,0x6f,0x75,0x74,
    0x28,0x6c,0x6f,0x63,0x61,0x74,0x69,0x6f,0x6e,0x20,0x3d,0x20,0x34,0x29,0x20,0x6f,
    0x75,0x74,0x20,0x76,0x65,0x63,0x32,0x20,0x76,0x4c,0x6f,0x63,0x61,0x6c,0x3b,0x0a,
    0x0a,0x76,0x6f,0x69,0x64,0x20,0x6d,0x61,0x69,0x6e,0x28,0x29,0x0a,0x7b,0x0a,0x20,
    0x20,0x20,0x20,0x76,0x65,0x63,0x32,0x20,0x5f,0x33,0x31,0x20,0x3d,0x20,0x28,0x63,
    0x65,0x6c,0x6c,0x5f,0x76,0x73,0x5f,0x70,0x61,0x72,0x61,0x6d,0x73,0x5b,0x30,0x5d,
    0x2e,0x7a,0x77,0x20,0x2b,0x20,0x61,0x52,0x65,0x63,0x74,0x2e,0x78,0x79,0x29,0x20,
    0x2b,0x20,0x28,0x61,0x43,0x6f,0x72,0x6e,0x65,0x72,0x20,0x2a,0x20,0x61,0x52,0x65,
    0x63,0x74,0x2e,0x7a,0x77,0x29,0x3b,0x0a,0x20,0x20,0x20,0x20,0x67,0x6c,0x5f,0x50,
    0x6f,0x73,0x69,0x74,0x69,0x6f,0x6e,0x20,0x3d,0x20,0x76,0x65,0x63,0x34,0x28,0x28,
    0x28,0x5f,0x33,0x31,0x2e,0x78,0x20,0x2f,0x20,0x63,0x65,0x6c,0x6c,0x5f,0x76,0x73,
    0x5f,0x70,0x61,0x72,0x61,0x6d,0x73,0x5b,0x30,0x5d,0x2e,0x78,0x29,0x20,0x2a,0x20,
    0x32,0x2e,0x30,0x29,0x20,0x2d,0x20,0x31,0x2e,0x30,0x2c,0x20,0x31,0x2e,0x30,0x20,
    0x2d,0x20,0x28,0x28,0x5f,0x33,0x31,0x2e,0x79,0x20,0x2f,0x20,0x63,0x65,0x6c,0x6c,
    0x5f,0x76,0x73,0x5f,0x70,0x61,0x72,0x61,0x6d,0x73,0x5b,0x30,0x5d,0x2e,0x79,0x29,
    0x20,0x2a,0x20,0x32,0x2e,0x30,0x29,0x2c,0x20,0x30,0x2e,0x30,0x2c,0x20,0x31,0x2e,
    0x30,0x29,0x3b,0x0a,0x20,0x20,0x20,0x20,0x76,0x55,0x56,0x20,0x3d,0x20,0x6d,0x69,
    0x78,0x28,0x61,0x55,0x56,0x2e,0x78,0x79,0x2c,0x20,0x61,0x55,0x56,0x2e,0x7a,0x77,
    0x2c,0x20,0x61,0x43,0x6f,0x72,0x6e,0x65,0x72,0x29,0x3b,0x0a,0x20,0x20,0x20,0x20,
    0x76,0x43,0x6f,0x6c,0x6f,0x72,0x20,0x3d,0x20,0x61,0x43,0x6f,0x6c,0x6f,0x72,0x3b,
    0x0a,0x20,0x20,0x20,0x20,0x76,0x49,0x73,0x47,0x6c,0x79,0x70,0x68,0x20,0x3d,0x20,
    0x61,0x46,0x6c,0x61,0x67,0x73,0x2e,0x78,0x20,0x2a,0x20,0x32,0x35,0x35,0x2e,0x30,
    0x3b,0x0a,0x20,0x20,0x20,0x20,0x76,0x52,0x61,0x64,0x69,0x75,0x73,0x20,0x3d,0x20,
    0x61,0x46,0x6c,0x61,0x67,0x73,0x2e,0x79,0x20,0x2a,0x20,0x32,0x35,0x35,0x2e,0x30,
    0x3b,0x0a,0x20,0x20,0x20,0x20,0x76,0x53,0x68,0x61,0x70,0x65,0x20,0x3d,0x20,0x61,
    0x46,0x6c,0x61,0x67,0x73,0x2e,0x7a,0x20,0x2a,0x20,0x32,0x35,0x35,0x2e,0x30,0x3b,
    0x0a,0x20,0x20,0x20,0x20,0x76,0x48,0x61,0x6c,0x66,0x20,0x3d,0x20,0x61,0x52,0x65,
    0x63,0x74,0x2e,0x7a,0x77,0x20,0x2a,0x20,0x30,0x2e,0x35,0x3b,0x0a,0x20,0x20,0x20,
    0x20,0x76,0x4c,0x6f,0x63,0x61,0x6c,0x20,0x3d,0x20,0x28,0x61,0x43,0x6f,0x72,0x6e,
    0x65,0x72,0x20,0x2d,0x20,0x76,0x65,0x63,0x32,0x28,0x30,0x2e,0x35,0x29,0x29,0x20,
    0x2a,0x20,0x61,0x52,0x65,0x63,0x74,0x2e,0x7a,0x77,0x3b,0x0a,0x7d,0x0a,0x0a,0x00,

};
/*
    #version 410

    uniform vec4 cell_fs_params[1];
    uniform sampler2D uColorAtlas_uSmp;
    uniform sampler2D uAtlas_uSmp;

    layout(location = 2) in float vIsGlyph;
    layout(location = 3) in float vShape;
    layout(location = 4) in vec2 vLocal;
    layout(location = 5) in vec2 vHalf;
    layout(location = 0) out vec4 frag;
    layout(location = 1) in vec4 vColor;
    layout(location = 0) in vec2 vUV;
    layout(location = 6) in float vRadius;

    float sd_triangle(vec2 p, vec2 a, vec2 b, vec2 c)
    {
        vec2 _76 = b - a;
        vec2 _80 = c - b;
        vec2 _84 = a - c;
        vec2 _88 = p - a;
        vec2 _92 = p - b;
        vec2 _96 = p - c;
        vec2 _110 = _88 - (_76 * clamp(dot(_88, _76) / dot(_76, _76), 0.0, 1.0));
        vec2 _123 = _92 - (_80 * clamp(dot(_92, _80) / dot(_80, _80), 0.0, 1.0));
        vec2 _136 = _96 - (_84 * clamp(dot(_96, _84) / dot(_84, _84), 0.0, 1.0));
        float _139 = _76.x;
        float _141 = _84.y;
        float _144 = _76.y;
        float _146 = _84.x;
        float _149 = sign((_139 * _141) - (_144 * _146));
        vec2 _203 = min(min(vec2(dot(_110, _110), _149 * ((_88.x * _144) - (_88.y * _139))), vec2(dot(_123, _123), _149 * ((_92.x * _80.y) - (_92.y * _80.x)))), vec2(dot(_136, _136), _149 * ((_96.x * _141) - (_96.y * _146))));
        return (-sqrt(_203.x)) * sign(_203.y);
    }

    float sd_arc(vec2 p, vec2 ctr, float r, float hw, vec2 quad)
    {
        vec2 _244 = p - ctr;
        return max(abs(length(_244) - r) - hw, -min(quad.x * _244.x, quad.y * _244.y));
    }

    float sd_seg(vec2 p, vec2 a, vec2 b, float hw)
    {
        vec2 _217 = p - a;
        vec2 _221 = b - a;
        return length(_217 - (_221 * clamp(dot(_217, _221) / dot(_221, _221), 0.0, 1.0))) - hw;
    }

    float sdf_shape(int sh, vec2 p, vec2 hf)
    {
        float _278 = min(hf.x, hf.y) * 0.5;
        if (sh == 1)
        {
            vec2 param = p;
            vec2 param_1 = vec2(-hf.x, -hf.y);
            vec2 param_2 = vec2(hf.x, 0.0);
            vec2 param_3 = vec2(-hf.x, hf.y);
            return sd_triangle(param, param_1, param_2, param_3);
        }
        if (sh == 2)
        {
            vec2 param_4 = p;
            vec2 param_5 = vec2(hf.x, -hf.y);
            vec2 param_6 = vec2(-hf.x, 0.0);
            vec2 param_7 = vec2(hf.x, hf.y);
            return sd_triangle(param_4, param_5, param_6, param_7);
        }
        if (sh == 3)
        {
            vec2 param_8 = p;
            vec2 param_9 = vec2(-hf.x, -hf.y);
            vec2 param_10 = vec2(hf.x, 0.0);
            vec2 param_11 = vec2(-hf.x, hf.y);
            vec2 param_12 = p;
            vec2 param_13 = vec2((-hf.x) + _278, (-hf.y) + _278);
            vec2 param_14 = vec2(hf.x - _278, 0.0);
            vec2 param_15 = vec2((-hf.x) + _278, hf.y - _278);
            return max(sd_triangle(param_8, param_9, param_10, param_11), -sd_triangle(param_12, param_13, param_14, param_15));
        }
        if (sh == 4)
        {
            vec2 param_16 = p;
            vec2 param_17 = vec2(hf.x, -hf.y);
            vec2 param_18 = vec2(-hf.x, 0.0);
            vec2 param_19 = vec2(hf.x, hf.y);
            vec2 param_20 = p;
            vec2 param_21 = vec2(hf.x - _278, (-hf.y) + _278);
            vec2 param_22 = vec2((-hf.x) + _278, 0.0);
            vec2 param_23 = vec2(hf.x - _278, hf.y - _278);
            return max(sd_triangle(param_16, param_17, param_18, param_19), -sd_triangle(param_20, param_21, param_22, param_23));
        }
        float _468 = min(hf.x, hf.y) * 0.125;
        float _474 = min(hf.x, hf.y);
        if (sh == 5)
        {
            vec2 param_24 = p;
            vec2 param_25 = vec2(hf.x, hf.y);
            float param_26 = _474;
            float param_27 = _468;
            vec2 param_28 = vec2(-1.0);
            vec2 param_29 = p;
            vec2 param_30 = vec2(0.0, hf.y - _474);
            vec2 param_31 = vec2(hf.x, hf.y - _474);
            float param_32 = _468;
            vec2 param_33 = p;
            vec2 param_34 = vec2(hf.x - _474, 0.0);
            vec2 param_35 = vec2(hf.x - _474, hf.y);
            float param_36 = _468;
            return min(sd_arc(param_24, param_25, param_26, param_27, param_28), min(sd_seg(param_29, param_30, param_31, param_32), sd_seg(param_33, param_34, param_35, param_36)));
        }
        if (sh == 6)
        {
            vec2 param_37 = p;
            vec2 param_38 = vec2(-hf.x, hf.y);
            float param_39 = _474;
            float param_40 = _468;
            vec2 param_41 = vec2(1.0, -1.0);
            vec2 param_42 = p;
            vec2 param_43 = vec2(-hf.x, hf.y - _474);
            vec2 param_44 = vec2(0.0, hf.y - _474);
            float param_45 = _468;
            vec2 param_46 = p;
            vec2 param_47 = vec2((-hf.x) + _474, 0.0);
            vec2 param_48 = vec2((-hf.x) + _474, hf.y);
            float param_49 = _468;
            return min(sd_arc(param_37, param_38, param_39, param_40, param_41), min(sd_seg(param_42, param_43, param_44, param_45), sd_seg(param_46, param_47, param_48, param_49)));
        }
        if (sh == 7)
        {
            vec2 param_50 = p;
            vec2 param_51 = vec2(hf.x, -hf.y);
            float param_52 = _474;
            float param_53 = _468;
            vec2 param_54 = vec2(-1.0, 1.0);
            vec2 param_55 = p;
            vec2 param_56 = vec2(0.0, (-hf.y) + _474);
            vec2 param_57 = vec2(hf.x, (-hf.y) + _474);
            float param_58 = _468;
            vec2 param_59 = p;
            vec2 param_60 = vec2(hf.x - _474, -hf.y);
            vec2 param_61 = vec2(hf.x - _474, 0.0);
            float param_62 = _468;
            return min(sd_arc(param_50, param_51, param_52, param_53, param_54), min(sd_seg(param_55, param_56, param_57, param_58), sd_seg(param_59, param_60, param_61, param_62)));
        }
        if (sh == 8)
        {
            vec2 param_63 = p;
            vec2 param_64 = vec2(-hf.x, -hf.y);
            float param_65 = _474;
            float param_66 = _468;
            vec2 param_67 = vec2(1.0);
            vec2 param_68 = p;
            vec2 param_69 = vec2(-hf.x, (-hf.y) + _474);
            vec2 param_70 = vec2(0.0, (-hf.y) + _474);
            float param_71 = _468;
            vec2 param_72 = p;
            vec2 param_73 = vec2((-hf.x) + _474, -hf.y);
            vec2 param_74 = vec2((-hf.x) + _474, 0.0);
            float param_75 = _468;
            return min(sd_arc(param_63, param_64, param_65, param_66, param_67), min(sd_seg(param_68, param_69, param_70, param_71), sd_seg(param_72, param_73, param_74, param_75)));
        }
        return 1.0;
    }

    float sd_round_box(vec2 p, vec2 half_ext, float r)
    {
        vec2 _53 = (abs(p) - half_ext) + vec2(r);
        return (min(max(_53.x, _53.y), 0.0) + length(max(_53, vec2(0.0)))) - r;
    }

    void main()
    {
        if (vIsGlyph > 2.5)
        {
            int param = int(vShape + 0.5);
            vec2 param_1 = vLocal;
            vec2 param_2 = vHalf;
            float _790 = sdf_shape(param, param_1, param_2);
            float _793 = fwidth(_790);
            frag = vec4(vColor.xyz, 1.0 - smoothstep((-9.9999997473787516355514526367188e-05) - _793, _793 + 9.9999997473787516355514526367188e-05, _790));
        }
        else
        {
            if (vIsGlyph > 1.5)
            {
                frag = texture(uColorAtlas_uSmp, vUV);
            }
            else
            {
                if (vIsGlyph > 0.5)
                {
                    frag = vec4(vColor.xyz, pow(texture(uAtlas_uSmp, vUV).x, 1.0 / mix(1.2000000476837158203125, 1.60000002384185791015625, dot(vColor.xyz, vec3(0.2125999927520751953125, 0.715200006961822509765625, 0.072200000286102294921875)))));
                }
                else
                {
                    if (vRadius > 0.0)
                    {
                        vec2 param_3 = vLocal;
                        vec2 param_4 = vHalf;
                        float param_5 = vRadius;
                        frag = vec4(vColor.xyz, ((1.0 - smoothstep(-0.75, 0.75, sd_round_box(param_3, param_4, param_5))) * cell_fs_params[0].x) * vColor.w);
                    }
                    else
                    {
                        frag = vec4(vColor.xyz, cell_fs_params[0].x * vColor.w);
                    }
                }
            }
        }
    }

*/
static const uint8_t cell_fs_source_glsl410[7629] = {
    0x23,0x76,0x65,0x72,0x73,0x69,0x6f,0x6e,0x20,0x34,0x31,0x30,0x0a,0x0a,0x75,0x6e,
    0x69,0x66,0x6f,0x72,0x6d,0x20,0x76,0x65,0x63,0x34,0x20,0x63,0x65,0x6c,0x6c,0x5f,
    0x66,0x73,0x5f,0x70,0x61,0x72,0x61,0x6d,0x73,0x5b,0x31,0x5d,0x3b,0x0a,0x75,0x6e,
    0x69,0x66,0x6f,0x72,0x6d,0x20,0x73,0x61,0x6d,0x70,0x6c,0x65,0x72,0x32,0x44,0x20,
    0x75,0x43,0x6f,0x6c,0x6f,0x72,0x41,0x74,0x6c,0x61,0x73,0x5f,0x75,0x53,0x6d,0x70,
    0x3b,0x0a,0x75,0x6e,0x69,0x66,0x6f,0x72,0x6d,0x20,0x73,0x61,0x6d,0x70,0x6c,0x65,
    0x72,0x32,0x44,0x20,0x75,0x41,0x74,0x6c,0x61,0x73,0x5f,0x75,0x53,0x6d,0x70,0x3b,
    0x0a,0x0a,0x6c,0x61,0x79,0x6f,0x75,0x74,0x28,0x6c,0x6f,0x63,0x61,0x74,0x69,0x6f,
    0x6e,0x20,0x3d,0x20,0x32,0x29,0x20,0x69,0x6e,0x20,0x66,0x6c,0x6f,0x61,0x74,0x20,
    0x76,0x49,0x73,0x47,0x6c,0x79,0x70,0x68,0x3b,0x0a,0x6c,0x61,0x79,0x6f,0x75,0x74,
    0x28,0x6c,0x6f,0x63,0x61,0x74,0x69,0x6f,0x6e,0x20,0x3d,0x20,0x33,0x29,0x20,0x69,
    0x6e,0x20,0x66,0x6c,0x6f,0x61,0x74,0x20,0x76,0x53,0x68,0x61,0x70,0x65,0x3b,0x0a,
    0x6c,0x61,0x79,0x6f,0x75,0x74,0x28,0x6c,0x6f,0x63,0x61,0x74,0x69,0x6f,0x6e,0x20,
    0x3d,0x20,0x34,0x29,0x20,0x69,0x6e,0x20,0x76,0x65,0x63,0x32,0x20,0x76,0x4c,0x6f,
    0x63,0x61,0x6c,0x3b,0x0a,0x6c,0x61,0x79,0x6f,0x75,0x74,0x28,0x6c,0x6f,0x63,0x61,
    0x74,0x69,0x6f,0x6e,0x20,0x3d,0x20,0x35,0x29,0x20,0x69,0x6e,0x20,0x76,0x65,0x63,
    0x32,0x20,0x76,0x48,0x61,0x6c,0x66,0x3b,0x0a,0x6c,0x61,0x79,0x6f,0x75,0x74,0x28,
    0x6c,0x6f,0x63,0x61,0x74,0x69,0x6f,0x6e,0x20,0x3d,0x20,0x30,0x29,0x20,0x6f,0x75,
    0x74,0x20,0x76,0x65,0x63,0x34,0x20,0x66,0x72,0x61,0x67,0x3b,0x0a,0x6c,0x61,0x79,
    0x6f,0x75,0x74,0x28,0x6c,0x6f,0x63,0x61,0x74,0x69,0x6f,0x6e,0x20,0x3d,0x20,0x31,
    0x29,0x20,0x69,0x6e,0x20,0x76,0x65,0x63,0x34,0x20,0x76,0x43,0x6f,0x6c,0x6f,0x72,
    0x3b,0x0a,0x6c,0x61,0x79,0x6f,0x75,0x74,0x28,0x6c,0x6f,0x63,0x61,0x74,0x69,0x6f,
    0x6e,0x20,0x3d,0x20,0x30,0x29,0x20,0x69,0x6e,0x20,0x76,0x65,0x63,0x32,0x20,0x76,
    0x55,0x56,0x3b,0x0a,0x6c,0x61,0x79,0x6f,0x75,0x74,0x28,0x6c,0x6f,0x63,0x61,0x74,
    0x69,0x6f,0x6e,0x20,0x3d,0x20,0x36,0x29,0x20,0x69,0x6e,0x20,0x66,0x6c,0x6f,0x61,
    0x74,0x20,0x76,0x52,0x61,0x64,0x69,0x75,0x73,0x3b,0x0a,0x0a,0x66,0x6c,0x6f,0x61,
    0x74,0x20,0x73,0x64,0x5f,0x74,0x72,0x69,0x61,0x6e,0x67,0x6c,0x65,0x28,0x76,0x65,
    0x63,0x32,0x20,0x70,0x2c,0x20,0x76,0x65,0x63,0x32,0x20,0x61,0x2c,0x20,0x76,0x65,
    0x63,0x32,0x20,0x62,0x2c,0x20,0x76,0x65,0x63,0x32,0x20,0x63,0x29,0x0a,0x7b,0x0a,
    0x20,0x20,0x20,0x20,0x76,0x65,0x63,0x32,0x20,0x5f,0x37,0x36,0x20,0x3d,0x20,0x62,
    0x20,0x2d,0x20,0x61,0x3b,0x0a,0x20,0x20,0x20,0x20,0x76,0x65,0x63,0x32,0x20,0x5f,
    0x38,0x30,0x20,0x3d,0x20,0x63,0x20,0x2d,0x20,0x62,0x3b,0x0a,0x20,0x20,0x20,0x20,
    0x76,0x65,0x63,0x32,0x20,0x5f,0x38,0x34,0x20,0x3d,0x20,0x61,0x20,0x2d,0x20,0x63,
    0x3b,0x0a,0x20,0x20,0x20,0x20,0x76,0x65,0x63,0x32,0x20,0x5f,0x38,0x38,0x20,0x3d,
    0x20,0x70,0x20,0x2d,0x20,0x61,0x3b,0x0a,0x20,0x20,0x20,0x20,0x76,0x65,0x63,0x32,
    0x20,0x5f,0x39,0x32,0x20,0x3d,0x20,0x70,0x20,0x2d,0x20,0x62,0x3b,0x0a,0x20,0x20,
    0x20,0x20,0x76,0x65,0x63,0x32,0x20,0x5f,0x39,0x36,0x20,0x3d,0x20,0x70,0x20,0x2d,
    0x20,0x63,0x3b,0x0a,0x20,0x20,0x20,0x20,0x76,0x65,0x63,0x32,0x20,0x5f,0x31,0x31,
    0x30,0x20,0x3d,0x20,0x5f,0x38,0x38,0x20,0x2d,0x20,0x28,0x5f,0x37,0x36,0x20,0x2a,
    0x20,0x63,0x6c,0x61,0x6d,0x70,0x28,0x64,0x6f,0x74,0x28,0x5f,0x38,0x38,0x2c,0x20,
    0x5f,0x37,0x36,0x29,0x20,0x2f,0x20,0x64,0x6f,0x74,0x28,0x5f,0x37,0x36,0x2c,0x20,
    0x5f,0x37,0x36,0x29,0x2c,0x20,0x30,0x2e,0x30,0x2c,0x20,0x31,0x2e,0x30,0x29,0x29,
    0x3b,0x0a,0x20,0x20,0x20,0x20,0x76,0x65,0x63,0x32,0x20,0x5f,0x31,0x32,0x33,0x20,
    0x3d,0x20,0x5f,0x39,0x32,0x20,0x2d,0x20,0x28,0x5f,0x38,0x30,0x20,0x2a,0x20,0x63,
    0x6c,0x61,0x6d,0x70,0x28,0x64,0x6f,0x74,0x28,0x5f,0x39,0x32,0x2c,0x20,0x5f,0x38,
    0x30,0x29,0x20,0x2f,0x20,0x64,0x6f,0x74,0x28,0x5f,0x38,0x30,0x2c,0x20,0x5f,0x38,
    0x30,0x29,0x2c,0x20,0x30,0x2e,0x30,0x2c,0x20,0x31,0x2e,0x30,0x29,0x29,0x3b,0x0a,
    0x20,0x20,0x20,0x20,0x76,0x65,0x63,0x32,0x20,0x5f,0x31,0x33,0x36,0x20,0x3d,0x20,
    0x5f,0x39,0x36,0x20,0x2d,0x20,0x28,0x5f,0x38,0x34,0x20,0x2a,0x20,0x63,0x6c,0x61,
    0x6d,0x70,0x28,0x64,0x6f,0x74,0x28,0x5f,0x39,0x36,0x2c,0x20,0x5f,0x38,0x34,0x29,
    0x20,0x2f,0x20,0x64,0x6f,0x74,0x28,0x5f,0x38,0x34,0x2c,0x20,0x5f,0x38,0x34,0x29,
    0x2c,0x20,0x30,0x2e,0x30,0x2c,0x20,0x31,0x2e,0x30,0x29,0x29,0x3b,0x0a,0x20,0x20,
    0x20,0x20,0x66,0x6c,0x6f,0x61,0x74,0x20,0x5f,0x31,0x33,0x39,0x20,0x3d,0x20,0x5f,
    0x37,0x36,0x2e,0x78,0x3b,0x0a,0x20,0x20,0x20,0x20,0x66,0x6c,0x6f,0x61,0x74,0x20,
    0x5f,0x31,0x34,0x31,0x20,0x3d,0x20,0x5f,0x38,0x34,0x2e,0x79,0x3b,0x0a,0x20,0x20,
    0x20,0x20,0x66,0x6c,0x6f,0x61,0x74,0x20,0x5f,0x31,0x34,0x34,0x20,0x3d,0x20,0x5f,
    0x37,0x36,0x2e,0x79,0x3b,0x0a,0x20,0x20,0x20,0x20,0x66,0x6c,0x6f,0x61,0x74,0x20,
    0x5f,0x31,0x34,0x36,0x20,0x3d,0x20,0x5f,0x38,0x34,0x2e,0x78,0x3b,0x0a,0x20,0x20,
    0x20,0x20,0x66,0x6c,0x6f,0x61,0x74,0x20,0x5f,0x31,0x34,0x39,0x20,0x3d,0x20,0x73,
    0x69,0x67,0x6e,0x28,0x28,0x5f,0x31,0x33,0x39,0x20,0x2a,0x20,0x5f,0x31,0x34,0x31,
    0x29,0x20,0x2d,0x20,0x28,0x5f,0x31,0x34,0x34,0x20,0x2a,0x20,0x5f,0x31,0x34,0x36,
    0x29,0x29,0x3b,0x0a,0x20,0x20,0x20,0x20,0x76,0x65,0x63,0x32,0x20,0x5f,0x32,0x30,
    0x33,0x20,0x3d,0x20,0x6d,0x69,0x6e,0x28,0x6d,0x69,0x6e,0x28,0x76,0x65,0x63,0x32,
    0x28,0x64,0x6f,0x74,0x28,0x5f,0x31,0x31,0x30,0x2c,0x20,0x5f,0x31,0x31,0x30,0x29,
    0x2c,0x20,0x5f,0x31,0x34,0x39,0x20,0x2a,0x20,0x28,0x28,0x5f,0x38,0x38,0x2e,0x78,
    0x20,0x2a,0x20,0x5f,0x31,0x34,0x34,0x29,0x20,0x2d,0x20,0x28,0x5f,0x38,0x38,0x2e,
    0x79,0x20,0x2a,0x20,0x5f,0x31,0x33,0x39,0x29,0x29,0x29,0x2c,0x20,0x76,0x65,0x63,
    0x32,0x28,0x64,0x6f,0x74,0x28,0x5f,0x31,0x32,0x33,0x2c,0x20,0x5f,0x31,0x32,0x33,
    0x29,0x2c,0x20,0x5f,0x31,0x34,0x39,0x20,0x2a,0x20,0x28,0x28,0x5f,0x39,0x32,0x2e,
    0x78,0x20,0x2a,0x20,0x5f,0x38,0x30,0x2e,0x79,0x29,0x20,0x2d,0x20,0x28,0x5f,0x39,
    0x32,0x2e,0x79,0x20,0x2a,0x20,0x5f,0x38,0x30,0x2e,0x78,0x29,0x29,0x29,0x29,0x2c,
    0x20,0x76,0x65,0x63,0x32,0x28,0x64,0x6f,0x74,0x28,0x5f,0x31,0x33,0x36,0x2c,0x20,
    0x5f,0x31,0x33,0x36,0x29,0x2c,0x20,0x5f,0x31,0x34,0x39,0x20,0x2a,0x20,0x28,0x28,
    0x5f,0x39,0x36,0x2e,0x78,0x20,0x2a,0x20,0x5f,0x31,0x34,0x31,0x29,0x20,0x2d,0x20,
    0x28,0x5f,0x39,0x36,0x2e,0x79,0x20,0x2a,0x20,0x5f,0x31,0x34,0x36,0x29,0x29,0x29,
    0x29,0x3b,0x0a,0x20,0x20,0x20,0x20,0x72,0x65,0x74,0x75,0x72,0x6e,0x20,0x28,0x2d,
    0x73,0x71,0x72,0x74,0x28,0x5f,0x32,0x30,0x33,0x2e,0x78,0x29,0x29,0x20,0x2a,0x20,
    0x73,0x69,0x67,0x6e,0x28,0x5f,0x32,0x30,0x33,0x2e,0x79,0x29,0x3b,0x0a,0x7d,0x0a,
    0x0a,0x66,0x6c,0x6f,0x61,0x74,0x20,0x73,0x64,0x5f,0x61,0x72,0x63,0x28,0x76,0x65,
    0x63,0x32,0x20,0x70,0x2c,0x20,0x76,0x65,0x63,0x32,0x20,0x63,0x74,0x72,0x2c,0x20,
    0x66,0x6c,0x6f,0x61,0x74,0x20,0x72,0x2c,0x20,0x66,0x6c,0x6f,0x61,0x74,0x20,0x68,
    0x77,0x2c,0x20,0x76,0x65,0x63,0x32,0x20,0x71,0x75,0x61,0x64,0x29,0x0a,0x7b,0x0a,
    0x20,0x20,0x20,0x20,0x76,0x65,0x63,0x32,0x20,0x5f,0x32,0x34,0x34,0x20,0x3d,0x20,
    0x70,0x20,0x2d,0x20,0x63,0x74,0x72,0x3b,0x0a,0x20,0x20,0x20,0x20,0x72,0x65,0x74,
    0x75,0x72,0x6e,0x20,0x6d,0x61,0x78,0x28,0x61,0x62,0x73,0x28,0x6c,0x65,0x6e,0x67,
    0x74,0x68,0x28,0x5f,0x32,0x34,0x34,0x29,0x20,0x2d,0x20,0x72,0x29,0x20,0x2d,0x20,
    0x68,0x77,0x2c,0x20,0x2d,0x6d,0x69,0x6e,0x28,0x71,0x75,0x61,0x64,0x2e,0x78,0x20,
    0x2a,0x20,0x5f,0x32,0x34,0x34,0x2e,0x78,0x2c,0x20,0x71,0x75,0x61,0x64,0x2e,0x79,
    0x20,0x2a,0x20,0x5f,0x32,0x34,0x34,0x2e,0x79,0x29,0x29,0x3b,0x0a,0x7d,0x0a,0x0a,
    0x66,0x6c,0x6f,0x61,0x74,0x20,0x73,0x64,0x5f,0x73,0x65,0x67,0x28,0x76,0x65,0x63,
    0x32,0x20,0x70,0x2c,0x20,0x76,0x65,0x63,0x32,0x20,0x61,0x2c,0x20,0x76,0x65,0x63,
    0x32,0x20,0x62,0x2c,0x20,0x66,0x6c,0x6f,0x61,0x74,0x20,0x68,0x77,0x29,0x0a,0x7b,
    0x0a,0x20,0x20,0x20,0x20,0x76,0x65,0x63,0x32,0x20,0x5f,0x32,0x31,0x37,0x20,0x3d,
    0x20,0x70,0x20,0x2d,0x20,0x61,0x3b,0x0a,0x20,0x20,0x20,0x20,0x76,0x65,0x63,0x32,
    0x20,0x5f,0x32,0x32,0x31,0x20,0x3d,0x20,0x62,0x20,0x2d,0x20,0x61,0x3b,0x0a,0x20,
    0x20,0x20,0x20,0x72,0x65,0x74,0x75,0x72,0x6e,0x20,0x6c,0x65,0x6e,0x67,0x74,0x68,
    0x28,0x5f,0x32,0x31,0x37,0x20,0x2d,0x20,0x28,0x5f,0x32,0x32,0x31,0x20,0x2a,0x20,
    0x63,0x6c,0x61,0x6d,0x70,0x28,0x64,0x6f,0x74,0x28,0x5f,0x32,0x31,0x37,0x2c,0x20,
    0x5f,0x32,0x32,0x31,0x29,0x20,0x2f,0x20,0x64,0x6f,0x74,0x28,0x5f,0x32,0x32,0x31,
    0x2c,0x20,0x5f,0x32,0x32,0x31,0x29,0x2c,0x20,0x30,0x2e,0x30,0x2c,0x20,0x31,0x2e,
    0x30,0x29,0x29,0x29,0x20,0x2d,0x20,0x68,0x77,0x3b,0x0a,0x7d,0x0a,0x0a,0x66,0x6c,
    0x6f,0x61,0x74,0x20,0x73,0x64,0x66,0x5f,0x73,0x68,0x61,0x70,0x65,0x28,0x69,0x6e,
    0x74,0x20,0x73,0x68,0x2c,0x20,0x76,0x65,0x63,0x32,0x20,0x70,0x2c,0x20,0x76,0x65,
    0x63,0x32,0x20,0x68,0x66,0x29,0x0a,0x7b,0x0a,0x20,0x20,0x20,0x20,0x66,0x6c,0x6f,
    0x61,0x74,0x20,0x5f,0x32,0x37,0x38,0x20,0x3d,0x20,0x6d,0x69,0x6e,0x28,0x68,0x66,
    0x2e,0x78,0x2c,0x20,0x68,0x66,0x2e,0x79,0x29,0x20,0x2a,0x20,0x30,0x2e,0x35,0x3b,
    0x0a,0x20,0x20,0x20,0x20,0x69,0x66,0x20,0x28,0x73,0x68,0x20,0x3d,0x3d,0x20,0x31,
    0x29,0x0a,0x20,0x20,0x20,0x20,0x7b,0x0a,0x20,0x20,0x20,0x20,0x20,0x20,0x20,0x20,
    0x76,0x65,0x63,0x32,0x20,0x70,0x61,0x72,0x61,0x6d,0x20,0x3d,0x20,0x70,0x3b,0x0a,
    0x20,0x20,0x20,0x20,0x20,0x20,0x20,0x20,0x76,0x65,0x63,0x32,0x20,0x70,0x61,0x72,
    0x61,0x6d,0x5f,0x31,0x20,0x3d,0x20,0x76,0x65,0x63,0x32,0x28,0x2d,0x68,0x66,0x2e,
    0x78,0x2c,0x20,0x2d,0x68,0x66,0x2e,0x79,0x29,0x3b,0x0a,0x20,0x20,0x20,0x20,0x20,
    0x20,0x20,0x20,0x76,0x65,0x63,0x32,0x20,0x70,0x61,0x72,0x61,0x6d,0x5f,0x32,0x20,
    0x3d,0x20,0x76,0x65,0x63,0x32,0x28,0x68,0x66,0x2e,0x78,0x2c,0x20,0x30,0x2e,0x30,
    0x29,0x3b,0x0a,0x20,0x20,0x20,0x20,0x20,0x20,0x20,0x20,0x76,0x65,0x63,0x32,0x20,
    0x70,0x61,0x72,0x61,0x6d,0x5f,0x33,0x20,0x3d,0x20,0x76,0x65,0x63,0x32,0x28,0x2d,
    0x68,0x66,0x2e,0x78,0x2c,0x20,0x68,0x66,0x2e,0x79,0x29,0x3b,0x0a,0x20,0x20,0x20,
    0x20,0x20,0x20,0x20,0x20,0x72,0x65,0x74,0x75,0x72,0x6e,0x20,0x73,0x64,0x5f,0x74,
    0x72,0x69,0x61,0x6e,0x67,0x6c,0x65,0x28,0x70,0x61,0x72,0x61,0x6d,0x2c,0x20,0x70,
    0x61,0x72,0x61,0x6d,0x5f,0x31,0x2c,0x20,0x70,0x61,0x72,0x61,0x6d,0x5f,0x32,0x2c,
    0x20,0x70,0x61,0x72,0x61,0x6d,0x5f,0x33,0x29,0x3b,0x0a,0x20,0x20,0x20,0x20,0x7d,
    0x0a,0x20,0x20,0x20,0x20,0x69,0x66,0x20,0x28,0x73,0x68,0x20,0x3d,0x3d,0x20,0x32,
    0x29,0x0a,0x20,0x20,0x20,0x20,0x7b,0x0a,0x20,0x20,0x20,0x20,0x20,0x20,0x20,0x20,
    0x76,0x65,0x63,0x32,0x20,0x70,0x61,0x72,0x61,0x6d,0x5f,0x34,0x20,0x3d,0x20,0x70,
    0x3b,0x0a,0x20,0x20,0x20,0x20,0x20,0x20,0x20,0x20,0x76,0x65,0x63,0x32,0x20,0x70,
    0x61,0x72,0x61,0x6d,0x5f,0x35,0x20,0x3d,0x20,0x76,0x65,0x63,0x32,0x28,0x68,0x66,
    0x2e,0x78,0x2c,0x20,0x2d,0x68,0x66,0x2e,0x79,0x29,0x3b,0x0a,0x20,0x20,0x20,0x20,
    0x20,0x20,0x20,0x20,0x76,0x65,0x63,0x32,0x20,0x70,0x61,0x72,0x61,0x6d,0x5f,0x36,
    0x20,0x3d,0x20,0x76,0x65,0x63,0x32,0x28,0x2d,0x68,0x66,0x2e,0x78,0x2c,0x20,0x30,
    0x2e,0x30,0x29,0x3b,0x0a,0x20,0x20,0x20,0x20,0x20,0x20,0x20,0x20,0x76,0x65,0x63,
    0x32,0x20,0x70,0x61,0x72,0x61,0x6d,0x5f,0x37,0x20,0x3d,0x20,0x76,0x65,0x63,0x32,
    0x28,0x68,0x66,0x2e,0x78,0x2c,0x20,0x68,0x66,0x2e,0x79,0x29,0x3b,0x0a,0x20,0x20,
    0x20,0x20,0x20,0x20,0x20,0x20,0x72,0x65,0x74,0x75,0x72,0x6e,0x20,0x73,0x64,0x5f,
    0x74,0x72,0x69,0x61,0x6e,0x67,0x6c,0x65,0x28,0x70,0x61,0x72,0x61,0x6d,0x5f,0x34,
    0x2c,0x20,0x70,0x61,0x72,0x61,0x6d,0x5f,0x35,0x2c,0x20,0x70,0x61,0x72,0x61,0x6d,
    0x5f,0x36,0x2c,0x20,0x70,0x61,0x72,0x61,0x6d,0x5f,0x37,0x29,0x3b,0x0a,0x20,0x20,
    0x20,0x20,0x7d,0x0a,0x20,0x20,0x20,0x20,0x69,0x66,0x20,0x28,0x73,0x68,0x20,0x3d,
    0x3d,0x20,0x33,0x29,0x0a,0x20,0x20,0x20,0x20,0x7b,0x0a,0x20,0x20,0x20,0x20,0x20,
    0x20,0x20,0x20,0x76,0x65,0x63,0x32,0x20,0x70,0x61,0x72,0x61,0x6d,0x5f,0x38,0x20,
    0x3d,0x20,0x70,0x3b,0x0a,0x20,0x20,0x20,0x20,0x20,0x20,0x20,0x20,0x76,0x65,0x63,
    0x32,0x20,0x70,0x61,0x72,0x61,0x6d,0x5f,0x39,0x20,0x3d,0x20,0x76,0x65,0x63,0x32,
    0x28,0x2d,0x68,0x66,0x2e,0x78,0x2c,0x20,0x2d,0x68,0x66,0x2e,0x79,0x29,0x3b,0x0a,
    0x20,0x20,0x20,0x20,0x20,0x20,0x20,0x20,0x76,0x65,0x63,0x32,0x20,0x70,0x61,0x72,
    0x61,0x6d,0x5f,0x31,0x30,0x20,0x3d,0x20,0x76,0x65,0x63,0x32,0x28,0x68,0x66,0x2e,
    0x78,0x2c,0x20,0x30,0x2e,0x30,0x29,0x3b,0x0a,0x20,0x20,0x20,0x20,0x20,0x20,0x20,
    0x20,0x76,0x65,0x63,0x32,0x20,0x70,0x61,0x72,0x61,0x6d,0x5f,0x31,0x31,0x20,0x3d,
    0x20,0x76,0x65,0x63,0x32,0x28,0x2d,0x68,0x66,0x2e,0x78,0x2c,0x20,0x68,0x66,0x2e,
    0x79,0x29,0x3b,0x0a,0x20,0x20,0x20,0x20,0x20,0x20,0x20,0x20,0x76,0x65,0x63,0x32,
    0x20,0x70,0x61,0x72,0x61,0x6d,0x5f,0x31,0x32,0x20,0x3d,0x20,0x70,0x3b,0x0a,0x20,
    0x20,0x20,0x20,0x20,0x20,0x20,0x20,0x76,0x65,0x63,0x32,0x20,0x70,0x61,0x72,0x61,
    0x6d,0x5f,0x31,0x33,0x20,0x3d,0x20,0x76,0x65,0x63,0x32,0x28,0x28,0x2d,0x68,0x66,
    0x2e,0x78,0x29,0x20,0x2b,0x20,0x5f,0x32,0x37,0x38,0x2c,0x20,0x28,0x2d,0x68,0x66,
    0x2e,0x79,0x29,0x20,0x2b,0x20,0x5f,0x32,0x37,0x38,0x29,0x3b,0x0a,0x20,0x20,0x20,
    0x20,0x20,0x20,0x20,0x20,0x76,0x65,0x63,0x32,0x20,0x70,0x61,0x72,0x61,0x6d,0x5f,
    0x31,0x34,0x20,0x3d,0x20,0x76,0x65,0x63,0x32,0x28,0x68,0x66,0x2e,0x78,0x20,0x2d,
    0x20,0x5f,0x32,0x37,0x38,0x2c,0x20,0x30,0x2e,0x30,0x29,0x3b,0x0a,0x20,0x20,0x20,
    0x20,0x20,0x20,0x20,0x20,0x76,0x65,0x63,0x32,0x20,0x70,0x61,0x72,0x61,0x6d,0x5f,
    0x31,0x35,0x20,0x3d,0x20,0x76,0x65,0x63,0x32,0x28,0x28,0x2d,0x68,0x66,0x2e,0x78,
    0x29,0x20,0x2b,0x20,0x5f,0x32,0x37,0x38,0x2c,0x20,0x68,0x66,0x2e,0x79,0x20,0x2d,
    0x20,0x5f,0x32,0x37,0x38,0x29,0x3b,0x0a,0x20,0x20,0x20,0x20,0x20,0x20,0x20,0x20,
    0x72,0x65,0x74,0x75,0x72,0x6e,0x20,0x6d,0x61,0x78,0x28,0x73,0x64,0x5f,0x74,0x72,
    0x69,0x61,0x6e,0x67,0x6c,0x65,0x28,0x70,0x61,0x72,0x61,0x6d,0x5f,0x38,0x2c,0x20,
    0x70,0x61,0x72,0x61,0x6d,0x5f,0x39,0x2c,0x20,0x70,0x61,0x72,0x61,0x6d,0x5f,0x31,
    0x30,0x2c,0x20,0x70,0x61,0x72,0x61,0x6d,0x5f,0x31,0x31,0x29,0x2c,0x20,0x2d,0x73,
    0x64,0x5f,0x74,0x72,0x69,0x61,0x6e,0x67,0x6c,0x65,0x28,0x70,0x61,0x72,0x61,0x6d,
    0x5f,0x31,0x32,0x2c,0x20,0x70,0x61,0x72,0x61,0x6d,0x5f,0x31,0x33,0x2c,0x20,0x70,
    0x61,0x72,0x61,0x6d,0x5f,0x31,0x34,0x2c,0x20,0x70,0x61,0x72,0x61,0x6d,0x5f,0x31,
    0x35,0x29,0x29,0x3b,0x0a,0x20,0x20,0x20,0x20,0x7d,0x0a,0x20,0x20,0x20,0x20,0x69,
    0x66,0x20,0x28,0x73,0x68,0x20,0x3d,0x3d,0x20,0x34,0x29,0x0a,0x20,0x20,0x20,0x20,
    0x7b,0x0a,0x20,0x20,0x20,0x20,0x20,0x20,0x20,0x20,0x76,0x65,0x63,0x32,0x20,0x70,
    0x61,0x72,0x61,0x6d,0x5f,0x31,0x36,0x20,0x3d,0x20,0x70,0x3b,0x0a,0x20,0x20,0x20,
    0x20,0x20,0x20,0x20,0x20,0x76,0x65,0x63,0x32,0x20,0x70,0x61,0x72,0x61,0x6d,0x5f,
    0x31,0x37,0x20,0x3d,0x20,0x76,0x65,0x63,0x32,0x28,0x68,0x66,0x2e,0x78,0x2c,0x20,
    0x2d,0x68,0x66,0x2e,0x79,0x29,0x3b,0x0a,0x20,0x20,0x20,0x20,0x20,0x20,0x20,0x20,
    0x76,0x65,0x63,0x32,0x20,0x70,0x61,0x72,0x61,0x6d,0x5f,0x31,0x38,0x20,0x3d,0x20,
    0x76,0x65,0x63,0x32,0x28,0x2d,0x68,0x66,0x2e,0x78,0x2c,0x20,0x30,0x2e,0x30,0x29,
    0x3b,0x0a,0x20,0x20,0x20,0x20,0x20,0x20,0x20,0x20,0x76,0x65,0x63,0x32,0x20,0x70,
    0x61,0x72,0x61,0x6d,0x5f,0x31,0x39,0x20,0x3d,0x20,0x76,0x65,0x63,0x32,0x28,0x68,
    0x66,0x2e,0x78,0x2c,0x20,0x68,0x66,0x2e,0x79,0x29,0x3b,0x0a,0x20,0x20,0x20,0x20,
    0x20,0x20,0x20,0x20,0x76,0x65,0x63,0x32,0x20,0x70,0x61,0x72,0x61,0x6d,0x5f,0x32,
    0x30,0x20,0x3d,0x20,0x70,0x3b,0x0a,0x20,0x20,0x20,0x20,0x20,0x20,0x20,0x20,0x76,
    0x65,0x63,0x32,0x20,0x70,0x61,0x72,0x61,0x6d,0x5f,0x32,0x31,0x20,0x3d,0x20,0x76,
    0x65,0x63,0x32,0x28,0x68,0x66,0x2e,0x78,0x20,0x2d,0x20,0x5f,0x32,0x37,0x38,0x2c,
    0x20,0x28,0x2d,0x68,0x66,0x2e,0x79,0x29,0x20,0x2b,0x20,0x5f,0x32,0x37,0x38,0x29,
    0x3b,0x0a,0x20,0x20,0x20,0x20,0x20,0x20,0x20,0x20,0x76,0x65,0x63,0x32,0x20,0x70,
    0x61,0x72,0x61,0x6d,0x5f,0x32,0x32,0x20,0x3d,0x20,0x76,0x65,0x63,0x32,0x28,0x28,
    0x2d,0x68,0x66,0x2e,0x78,0x29,0x20,0x2b,0x20,0x5f,0x32,0x37,0x38,0x2c,0x20,0x30,
    0x2e,0x30,0x29,0x3b,0x0a,0x20,0x20,0x20,0x20,0x20,0x20,0x20,0x20,0x76,0x65,0x63,
    0x32,0x20,0x70,0x61,0x72,0x61,0x6d,0x5f,0x32,0x33,0x20,0x3d,0x20,0x76,0x65,0x63,
    0x32,0x28,0x68,0x66,0x2e,0x78,0x20,0x2d,0x20,0x5f,0x32,0x37,0x38,0x2c,0x20,0x68,
    0x66,0x2e,0x79,0x20,0x2d,0x20,0x5f,0x32,0x37,0x38,0x29,0x3b,0x0a,0x20,0x20,0x20,
    0x20,0x20,0x20,0x20,0x20,0x72,0x65,0x74,0x75,0x72,0x6e,0x20,0x6d,0x61,0x78,0x28,
    0x73,0x64,0x5f,0x74,0x72,0x69,0x61,0x6e,0x67,0x6c,0x65,0x28,0x70,0x61,0x72,0x61,
    0x6d,0x5f,0x31,0x36,0x2c,0x20,0x70,0x61,0x72,0x61,0x6d,0x5f,0x31,0x37,0x2c,0x20,
    0x70,0x61,0x72,0x61,0x6d,0x5f,0x31,0x38,0x2c,0x20,0x70,0x61,0x72,0x61,0x6d,0x5f,
    0x31,0x39,0x29,0x2c,0x20,0x2d,0x73,0x64,0x5f,0x74,0x72,0x69,0x61,0x6e,0x67,0x6c,
    0x65,0x28,0x70,0x61,0x72,0x61,0x6d,0x5f,0x32,0x30,0x2c,0x20,0x70,0x61,0x72,0x61,
    0x6d,0x5f,0x32,0x31,0x2c,0x20,0x70,0x61,0x72,0x61,0x6d,0x5f,0x32,0x32,0x2c,0x20,
    0x70,0x61,0x72,0x61,0x6d,0x5f,0x32,0x33,0x29,0x29,0x3b,0x0a,0x20,0x20,0x20,0x20,
    0x7d,0x0a,0x20,0x20,0x20,0x20,0x66,0x6c,0x6f,0x61,0x74,0x20,0x5f,0x34,0x36,0x38,
    0x20,0x3d,0x20,0x6d,0x69,0x6e,0x28,0x68,0x66,0x2e,0x78,0x2c,0x20,0x68,0x66,0x2e,
    0x79,0x29,0x20,0x2a,0x20,0x30,0x2e,0x31,0x32,0x35,0x3b,0x0a,0x20,0x20,0x20,0x20,
    0x66,0x6c,0x6f,0x61,0x74,0x20,0x5f,0x34,0x37,0x34,0x20,0x3d,0x20,0x6d,0x69,0x6e,
    0x28,0x68,0x66,0x2e,0x78,0x2c,0x20,0x68,0x66,0x2e,0x79,0x29,0x3b,0x0a,0x20,0x20,
    0x20,0x20,0x69,0x66,0x20,0x28,0x73,0x68,0x20,0x3d,0x3d,0x20,0x35,0x29,0x0a,0x20,
    0x20,0x20,0x20,0x7b,0x0a,0x20,0x20,0x20,0x20,0x20,0x20,0x20,0x20,0x76,0x65,0x63,
    0x32,0x20,0x70,0x61,0x72,0x61,0x6d,0x5f,0x32,0x34,0x20,0x3d,0x20,0x70,0x3b,0x0a,
    0x20,0x20,0x20,0x20,0x20,0x20,0x20,0x20,0x76,0x65,0x63,0x32,0x20,0x70,0x61,0x72,
    0x61,0x6d,0x5f,0x32,0x35,0x20,0x3d,0x20,0x76,0x65,0x63,0x32,0x28,0x68,0x66,0x2e,
    0x78,0x2c,0x20,0x68,0x66,0x2e,0x79,0x29,0x3b,0x0a,0x20,0x20,0x20,0x20,0x20,0x20,
    0x20,0x20,0x66,0x6c,0x6f,0x61,0x74,0x20,0x70,0x61,0x72,0x61,0x6d,0x5f,0x32,0x36,
    0x20,0x3d,0x20,0x5f,0x34,0x37,0x34,0x3b,0x0a,0x20,0x20,0x20,0x20,0x20,0x20,0x20,
    0x20,0x66,0x6c,0x6f,0x61,0x74,0x20,0x70,0x61,0x72,0x61,0x6d,0x5f,0x32,0x37,0x20,
    0x3d,0x20,0x5f,0x34,0x36,0x38,0x3b,0x0a,0x20,0x20,0x20,0x20,0x20,0x20,0x20,0x20,
    0x76,0x65,0x63,0x32,0x20,0x70,0x61,0x72,0x61,0x6d,0x5f,0x32,0x38,0x20,0x3d,0x20,
    0x76,0x65,0x63,0x32,0x28,0x2d,0x31,0x2e,0x30,0x29,0x3b,0x0a,0x20,0x20,0x20,0x20,
    0x20,0x20,0x20,0x20,0x76,0x65,0x63,0x32,0x20,0x70,0x61,0x72,0x61,0x6d,0x5f,0x32,
    0x39,0x20,0x3d,0x20,0x70,0x3b,0x0a,0x20,0x20,0x20,0x20,0x20,0x20,0x20,0x20,0x76,
    0x65,0x63,0x32,0x20,0x70,0x61,0x72,0x61,0x6d,0x5f,0x33,0x30,0x20,0x3d,0x20,0x76,
    0x65,0x63,0x32,0x28,0x30,0x2e,0x30,0x2c,0x20,0x68,0x66,0x2e,0x79,0x20,0x2d,0x20,
    0x5f,0x34,0x37,0x34,0x29,0x3b,0x0a,0x20,0x20,0x20,0x20,0x20,0x20,0x20,0x20,0x76,
    0x65,0x63,0x32,0x20,0x70,0x61,0x72,0x61,0x6d,0x5f,0x33,0x31,0x20,0x3d,0x20,0x76,
    0x65,0x63,0x32,0x28,0x68,0x66,0x2e,0x78,0x2c,0x20,0x68,0x66,0x2e,0x79,0x20,0x2d,
    0x20,0x5f,0x34,0x37,0x34,0x29,0x3b,0x0a,0x20,0x20,0x20,0x20,0x20,0x20,0x20,0x20,
    0x66,0x6c,0x6f,0x61,0x74,0x20,0x70,0x61,0x72,0x61,0x6d,0x5f,0x33,0x32,0x20,0x3d,
    0x20,0x5f,0x34,0x36,0x38,0x3b,0x0a,0x20,0x20,0x20,0x20,0x20,0x20,0x20,0x20,0x76,
    0x65,0x63,0x32,0x20,0x70,0x61,0x72,0x61,0x6d,0x5f,0x33,0x33,0x20,0x3d,0x20,0x70,
    0x3b,0x0a,0x20,0x20,0x20,0x20,0x20,0x20,0x20,0x20,0x76,0x65,0x63,0x32,0x20,0x70,
    0x61,0x72,0x61,0x6d,0x5f,0x33,0x34,0x20,0x3d,0x20,0x76,0x65,0x63,0x32,0x28,0x68,
    0x66,0x2e,0x78,0x20,0x2d,0x20,0x5f,0x34,0x37,0x34,0x2c,0x20,0x30,0x2e,0x30,0x29,
    0x3b,0x0a,0x20,0x20,0x20,0x20,0x20,0x20,0x20,0x20,0x76,0x65,0x63,0x32,0x20,0x70,
    0x61,0x72,0x61,0x6d,0x5f,0x33,0x35,0x20,0x3d,0x20,0x76,0x65,0x63,0x32,0x28,0x68,
    0x66,0x2e,0x78,0x20,0x2d,0x20,0x5f,0x34,0x37,0x34,0x2c,0x20,0x68,0x66,0x2e,0x79,
    0x29,0x3b,0x0a,0x20,0x20,0x20,0x20,0x20,0x20,0x20,0x20,0x66,0x6c,0x6f,0x61,0x74,
    0x20,0x70,0x61,0x72,0x61,0x6d,0x5f,0x33,0x36,0x20,0x3d,0x20,0x5f,0x34,0x36,0x38,
    0x3b,0x0a,0x20,0x20,0x20,0x20,0x20,0x20,0x20,0x20,0x72,0x65,0x74,0x75,0x72,0x6e,
    0x20,0x6d,0x69,0x6e,0x28,0x73,0x64,0x5f,0x61,0x72,0x63,0x28,0x70,0x61,0x72,0x61,
    0x6d,0x5f,0x32,0x34,0x2c,0x20,0x70,0x61,0x72,0x61,0x6d,0x5f,0x32,0x35,0x2c,0x20,
    0x70,0x61,0x72,0x61,0x6d,0x5f,0x32,0x36,0x2c,0x20,0x70,0x61,0x72,0x61,0x6d,0x5f,
    0x32,0x37,0x2c,0x20,0x70,0x61,0x72,0x61,0x6d,0x5f,0x32,0x38,0x29,0x2c,0x20,0x6d,
    0x69,0x6e,0x28,0x73,0x64,0x5f,0x73,0x65,0x67,0x28,0x70,0x61,0x72,0x61,0x6d,0x5f,
    0x32,0x39,0x2c,0x20,0x70,0x61,0x72,0x61,0x6d,0x5f,0x33,0x30,0x2c,0x20,0x70,0x61,
    0x72,0x61,0x6d,0x5f,0x33,0x31,0x2c,0x20,0x70,0x61,0x72,0x61,0x6d,0x5f,0x33,0x32,
    0x29,0x2c,0x20,0x73,0x64,0x5f,0x73,0x65,0x67,0x28,0x70,0x61,0x72,0x61,0x6d,0x5f,
    0x33,0x33,0x2c,0x20,0x70,0x61,0x72,0x61,0x6d,0x5f,0x33,0x34,0x2c,0x20,0x70,0x61,
    0x72,0x61,0x6d,0x5f,0x33,0x35,0x2c,0x20,0x70,0x61,0x72,0x61,0x6d,0x5f,0x33,0x36,
    0x29,0x29,0x29,0x3b,0x0a,0x20,0x20,0x20,0x20,0x7d,0x0a,0x20,0x20,0x20,0x20,0x69,
    0x66,0x20,0x28,0x73,0x68,0x20,0x3d,0x3d,0x20,0x36,0x29,0x0a,0x20,0x20,0x20,0x20,
    0x7b,0x0a,0x20,0x20,0x20,0x20,0x20,0x20,0x20,0x20,0x76,0x65,0x63,0x32,0x20,0x70,
    0x61,0x72,0x61,0x6d,0x5f,0x33,0x37,0x20,0x3d,0x20,0x70,0x3b,0x0a,0x20,0x20,0x20,
    0x20,0x20,0x20,0x20,0x20,0x76,0x65,0x63,0x32,0x20,0x70,0x61,0x72,0x61,0x6d,0x5f,
    0x33,0x38,0x20,0x3d,0x20,0x76,0x65,0x63,0x32,0x28,0x2d,0x68,0x66,0x2e,0x78,0x2c,
    0x20,0x68,0x66,0x2e,0x79,0x29,0x3b,0x0a,0x20,0x20,0x20,0x20,0x20,0x20,0x20,0x20,
    0x66,0x6c,0x6f,0x61,0x74,0x20,0x70,0x61,0x72,0x61,0x6d,0x5f,0x33,0x39,0x20,0x3d,
    0x20,0x5f,0x34,0x37,0x34,0x3b,0x0a,0x20,0x20,0x20,0x20,0x20,0x20,0x20,0x20,0x66,
    0x6c,0x6f,0x61,0x74,0x20,0x70,0x61,0x72,0x61,0x6d,0x5f,0x34,0x30,0x20,0x3d,0x20,
    0x5f,0x34,0x36,0x38,0x3b,0x0a,0x20,0x20,0x20,0x20,0x20,0x20,0x20,0x20,0x76,0x65,
    0x63,0x32,0x20,0x70,0x61,0x72,0x61,0x6d,0x5f,0x34,0x31,0x20,0x3d,0x20,0x76,0x65,
    0x63,0x32,0x28,0x31,0x2e,0x30,0x2c,0x20,0x2d,0x31,0x2e,0x30,0x29,0x3b,0x0a,0x20,
    0x20,0x20,0x20,0x20,0x20,0x20,0x20,0x76,0x65,0x63,0x32,0x20,0x70,0x61,0x72,0x61,
    0x6d,0x5f,0x34,0x32,0x20,0x3d,0x20,0x70,0x3b,0x0a,0x20,0x20,0x20,0x20,0x20,0x20,
    0x20,0x20,0x76,0x65,0x63,0x32,0x20,0x70,0x61,0x72,0x61,0x6d,0x5f,0x34,0x33,0x20,
    0x3d,0x20,0x76,0x65,0x63,0x32,0x28,0x2d,0x68,0x66,0x2e,0x78,0x2c,0x20,0x68,0x66,
    0x2e,0x79,0x20,0x2d,0x20,0x5f,0x34,0x37,0x34,0x29,0x3b,0x0a,0x20,0x20,0x20,0x20,
    0x20,0x20,0x20,0x20,0x76,0x65,0x63,0x32,0x20,0x70,0x61,0x72,0x61,0x6d,0x5f,0x34,
    0x34,0x20,0x3d,0x20,0x76,0x65,0x63,0x32,0x28,0x30,0x2e,0x30,0x2c,0x20,0x68,0x66,
    0x2e,0x79,0x20,0x2d,0x20,0x5f,0x34,0x37,0x34,0x29,0x3b,0x0a,0x20,0x20,0x20,0x20,
    0x20,0x20,0x20,0x20,0x66,0x6c,0x6f,0x61,0x74,0x20,0x70,0x61,0x72,0x61,0x6d,0x5f,
    0x34,0x35,0x20,0x3d,0x20,0x5f,0x34,0x36,0x38,0x3b,0x0a,0x20,0x20,0x20,0x20,0x20,
    0x20,0x20,0x20,0x76,0x65,0x63,0x32,0x20,0x70,0x61,0x72,0x61,0x6d,0x5f,0x34,0x36,
    0x20,0x3d,0x20,0x70,0x3b,0x0a,0x20,0x20,0x20,0x20,0x20,0x20,0x20,0x20,0x76,0x65,
    0x63,0x32,0x20,0x70,0x61,0x72,0x61,0x6d,0x5f,0x34,0x37,0x20,0x3d,0x20,0x76,0x65,
    0x63,0x32,0x28,0x28,0x2d,0x68,0x66,0x2e,0x78,0x29,0x20,0x2b,0x20,0x5f,0x34,0x37,
    0x34,0x2c,0x20,0x30,0x2e,0x30,0x29,0x3b,0x0a,0x20,0x20,0x20,0x20,0x20,0x20,0x20,
    0x20,0x76,0x65,0x63,0x32,0x20,0x70,0x61,0x72,0x61,0x6d,0x5f,0x34,0x38,0x20,0x3d,
    0x20,0x76,0x65,0x63,0x32,0x28,0x28,0x2d,0x68,0x66,0x2e,0x78,0x29,0x20,0x2b,0x20,
    0x5f,0x34,0x37,0x34,0x2c,0x20,0x68,0x66,0x2e,0x79,0x29,0x3b,0x0a,0x20,0x20,0x20,
    0x20,0x20,0x20,0x20,0x20,0x66,0x6c,0x6f,0x61,0x74,0x20,0x70,0x61,0x72,0x61,0x6d,
    0x5f,0x34,0x39,0x20,0x3d,0x20,0x5f,0x34,0x36,0x38,0x3b,0x0a,0x20,0x20,0x20,0x20,
    0x20,0x20,0x20,0x20,0x72,0x65,0x74,0x75,0x72,0x6e,0x20,0x6d,0x69,0x6e,0x28,0x73,
    0x64,0x5f,0x61,0x72,0x63,0x28,0x70,0x61,0x72,0x61,0x6d,0x5f,0x33,0x37,0x2c,0x20,
    0x70,0x61,0x72,0x61,0x6d,0x5f,0x33,0x38,0x2c,0x20,0x70,0x61,0x72,0x61,0x6d,0x5f,
    0x33,0x39,0x2c,0x20,0x70,0x61,0x72,0x61,0x6d,0x5f,0x34,0x30,0x2c,0x20,0x70,0x61,
    0x72,0x61,0x6d,0x5f,0x34,0x31,0x29,0x2c,0x20,0x6d,0x69,0x6e,0x28,0x73,0x64,0x5f,
    0x73,0x65,0x67,0x28,0x70,0x61,0x72,0x61,0x6d,0x5f,0x34,0x32,0x2c,0x20,0x70,0x61,
    0x72,0x61,0x6d,0x5f,0x34,0x33,0x2c,0x20,0x70,0x61,0x72,0x61,0x6d,0x5f,0x34,0x34,
    0x2c,0x20,0x70,0x61,0x72,0x61,0x6d,0x5f,0x34,0x35,0x29,0x2c,0x20,0x73,0x64,0x5f,
    0x73,0x65,0x67,0x28,0x70,0x61,0x72,0x61,0x6d,0x5f,0x34,0x36,0x2c,0x20,0x70,0x61,
    0x72,0x61,0x6d,0x5f,0x34,0x37,0x2c,0x20,0x70,0x61,0x72,0x61,0x6d,0x5f,0x34,0x38,
    0x2c,0x20,0x70,0x61,0x72,0x61,0x6d,0x5f,0x34,0x39,0x29,0x29,0x29,0x3b,0x0a,0x20,
    0x20,0x20,0x20,0x7d,0x0a,0x20,0x20,0x20,0x20,0x69,0x66,0x20,0x28,0x73,0x68,0x20,
    0x3d,0x3d,0x20,0x37,0x29,0x0a,0x20,0x20,0x20,0x20,0x7b,0x0a,0x20,0x20,0x20,0x20,
    0x20,0x20,0x20,0x20,0x76,0x65,0x63,0x32,0x20,0x70,0x61,0x72,0x61,0x6d,0x5f,0x35,
    0x30,0x20,0x3d,0x20,0x70,0x3b,0x0a,0x20,0x20,0x20,0x20,0x20,0x20,0x20,0x20,0x76,
    0x65,0x63,0x32,0x20,0x70,0x61,0x72,0x61,0x6d,0x5f,0x35,0x31,0x20,0x3d,0x20,0x76,
    0x65,0x63,0x32,0x28,0x68,0x66,0x2e,0x78,0x2c,0x20,0x2d,0x68,0x66,0x2e,0x79,0x29,
    0x3b,0x0a,0x20,0x20,0x20,0x20,0x20,0x20,0x20,0x20,0x66,0x6c,0x6f,0x61,0x74,0x20,
    0x70,0x61,0x72,0x61,0x6d,0x5f,0x35,0x32,0x20,0x3d,0x20,0x5f,0x34,0x37,0x34,0x3b,
    0x0a,0x20,0x20,0x20,0x20,0x20,0x20,0x20,0x20,0x66,0x6c,0x6f,0x61,0x74,0x20,0x70,
    0x61,0x72,0x61,0x6d,0x5f,0x35,0x33,0x20,0x3d,0x20,0x5f,0x34,0x36,0x38,0x3b,0x0a,
    0x20,0x20,0x20,0x20,0x20,0x20,0x20,0x20,0x76,0x65,0x63,0x32,0x20,0x70,0x61,0x72,
    0x61,0x6d,0x5f,0x35,0x34,0x20,0x3d,0x20,0x76,0x65,0x63,0x32,0x28,0x2d,0x31,0x2e,
    0x30,0x2c,0x20,0x31,0x2e,0x30,0x29,0x3b,0x0a,0x20,0x20,0x20,0x20,0x20,0x20,0x20,
    0x20,0x76,0x65,0x63,0x32,0x20,0x70,0x61,0x72,0x61,0x6d,0x5f,0x35,0x35,0x20,0x3d,
    0x20,0x70,0x3b,0x0a,0x20,0x20,0x20,0x20,0x20,0x20,0x20,0x20,0x76,0x65,0x63,0x32,
    0x20,0x70,0x61,0x72,0x61,0x6d,0x5f,0x35,0x36,0x20,0x3d,0x20,0x76,0x65,0x63,0x32,
    0x28,0x30,0x2e,0x30,0x2c,0x20,0x28,0x2d,0x68,0x66,0x2e,0x79,0x29,0x20,0x2b,0x20,
    0x5f,0x34,0x37,0x34,0x29,0x3b,0x0a,0x20,0x20,0x20,0x20,0x20,0x20,0x20,0x20,0x76,
    0x65,0x63,0x32,0x20,0x70,0x61,0x72,0x61,0x6d,0x5f,0x35,0x37,0x20,0x3d,0x20,0x76,
    0x65,0x63,0x32,0x28,0x68,0x66,0x2e,0x78,0x2c,0x20,0x28,0x2d,0x68,0x66,0x2e,0x79,
    0x29,0x20,0x2b,0x20,0x5f,0x34,0x37,0x34,0x29,0x3b,0x0a,0x20,0x20,0x20,0x20,0x20,
    0x20,0x20,0x20,0x66,0x6c,0x6f,0x61,0x74,0x20,0x70,0x61,0x72,0x61,0x6d,0x5f,0x35,
    0x38,0x20,0x3d,0x20,0x5f,0x34,0x36,0x38,0x3b,0x0a,0x20,0x20,0x20,0x20,0x20,0x20,
    0x20,0x20,0x76,0x65,0x63,0x32,0x20,0x70,0x61,0x72,0x61,0x6d,0x5f,0x35,0x39,0x20,
    0x3d,0x20,0x70,0x3b,0x0a,0x20,0x20,0x20,0x20,0x20,0x20,0x20,0x20,0x76,0x65,0x63,
    0x32,0x20,0x70,0x61,0x72,0x61,0x6d,0x5f,0x36,0x30,0x20,0x3d,0x20,0x76,0x65,0x63,
    0x32,0x28,0x68,0x66,0x2e,0x78,0x20,0x2d,0x20,0x5f,0x34,0x37,0x34,0x2c,0x20,0x2d,
    0x68,0x66,0x2e,0x79,0x29,0x3b,0x0a,0x20,0x20,0x20,0x20,0x20,0x20,0x20,0x20,0x76,
    0x65,0x63,0x32,0x20,0x70,0x61,0x72,0x61,0x6d,0x5f,0x36,0x31,0x20,0x3d,0x20,0x76,
    0x65,0x63,0x32,0x28,0x68,0x66,0x2e,0x78,0x20,0x2d,0x20,0x5f,0x34,0x37,0x34,0x2c,
    0x20,0x30,0x2e,0x30,0x29,0x3b,0x0a,0x20,0x20,0x20,0x20,0x20,0x20,0x20,0x20,0x66,
    0x6c,0x6f,0x61,0x74,0x20,0x70,0x61,0x72,0x61,0x6d,0x5f,0x36,0x32,0x20,0x3d,0x20,
    0x5f,0x34,0x36,0x38,0x3b,0x0a,0x20,0x20,0x20,0x20,0x20,0x20,0x20,0x20,0x72,0x65,
    0x74,0x75,0x72,0x6e,0x20,0x6d,0x69,0x6e,0x28,0x73,0x64,0x5f,0x61,0x72,0x63,0x28,
    0x70,0x61,0x72,0x61,0x6d,0x5f,0x35,0x30,0x2c,0x20,0x70,0x61,0x72,0x61,0x6d,0x5f,
    0x35,0x31,0x2c,0x20,0x70,0x61,0x72,0x61,0x6d,0x5f,0x35,0x32,0x2c,0x20,0x70,0x61,
    0x72,0x61,0x6d,0x5f,0x35,0x33,0x2c,0x20,0x70,0x61,0x72,0x61,0x6d,0x5f,0x35,0x34,
    0x29,0x2c,0x20,0x6d,0x69,0x6e,0x28,0x73,0x64,0x5f,0x73,0x65,0x67,0x28,0x70,0x61,
    0x72,0x61,0x6d,0x5f,0x35,0x35,0x2c,0x20,0x70,0x61,0x72,0x61,0x6d,0x5f,0x35,0x36,
    0x2c,0x20,0x70,0x61,0x72,0x61,0x6d,0x5f,0x35,0x37,0x2c,0x20,0x70,0x61,0x72,0x61,
    0x6d,0x5f,0x35,0x38,0x29,0x2c,0x20,0x73,0x64,0x5f,0x73,0x65,0x67,0x28,0x70,0x61,
    0x72,0x61,0x6d,0x5f,0x35,0x39,0x2c,0x20,0x70,0x61,0x72,0x61,0x6d,0x5f,0x36,0x30,
    0x2c,0x20,0x70,0x61,0x72,0x61,0x6d,0x5f,0x36,0x31,0x2c,0x20,0x70,0x61,0x72,0x61,
    0x6d,0x5f,0x36,0x32,0x29,0x29,0x29,0x3b,0x0a,0x20,0x20,0x20,0x20,0x7d,0x0a,0x20,
    0x20,0x20,0x20,0x69,0x66,0x20,0x28,0x73,0x68,0x20,0x3d,0x3d,0x20,0x38,0x29,0x0a,
    0x20,0x20,0x20,0x20,0x7b,0x0a,0x20,0x20,0x20,0x20,0x20,0x20,0x20,0x20,0x76,0x65,
    0x63,0x32,0x20,0x70,0x61,0x72,0x61,0x6d,0x5f,0x36,0x33,0x20,0x3d,0x20,0x70,0x3b,
    0x0a,0x20,0x20,0x20,0x20,0x20,0x20,0x20,0x20,0x76,0x65,0x63,0x32,0x20,0x70,0x61,
    0x72,0x61,0x6d,0x5f,0x36,0x34,0x20,0x3d,0x20,0x76,0x65,0x63,0x32,0x28,0x2d,0x68,
    0x66,0x2e,0x78,0x2c,0x20,0x2d,0x68,0x66,0x2e,0x79,0x29,0x3b,0x0a,0x20,0x20,0x20,
    0x20,0x20,0x20,0x20,0x20,0x66,0x6c,0x6f,0x61,0x74,0x20,0x70,0x61,0x72,0x61,0x6d,
    0x5f,0x36,0x35,0x20,0x3d,0x20,0x5f,0x34,0x37,0x34,0x3b,0x0a,0x20,0x20,0x20,0x20,
    0x20,0x20,0x20,0x20,0x66,0x6c,0x6f,0x61,0x74,0x20,0x70,0x61,0x72,0x61,0x6d,0x5f,
    0x36,0x36,0x20,0x3d,0x20,0x5f,0x34,0x36,0x38,0x3b,0x0a,0x20,0x20,0x20,0x20,0x20,
    0x20,0x20,0x20,0x76,0x65,0x63,0x32,0x20,0x70,0x61,0x72,0x61,0x6d,0x5f,0x36,0x37,
    0x20,0x3d,0x20,0x76,0x65,0x63,0x32,0x28,0x31,0x2e,0x30,0x29,0x3b,0x0a,0x20,0x20,
    0x20,0x20,0x20,0x20,0x20,0x20,0x76,0x65,0x63,0x32,0x20,0x70,0x61,0x72,0x61,0x6d,
    0x5f,0x36,0x38,0x20,0x3d,0x20,0x70,0x3b,0x0a,0x20,0x20,0x20,0x20,0x20,0x20,0x20,
    0x20,0x76,0x65,0x63,0x32,0x20,0x70,0x61,0x72,0x61,0x6d,0x5f,0x36,0x39,0x20,0x3d,
    0x20,0x76,0x65,0x63,0x32,0x28,0x2d,0x68,0x66,0x2e,0x78,0x2c,0x20,0x28,0x2d,0x68,
    0x66,0x2e,0x79,0x29,0x20,0x2b,0x20,0x5f,0x34,0x37,0x34,0x29,0x3b,0x0a,0x20,0x20,
    0x20,0x20,0x20,0x20,0x20,0x20,0x76,0x65,0x63,0x32,0x20,0x70,0x61,0x72,0x61,0x6d,
    0x5f,0x37,0x30,0x20,0x3d,0x20,0x76,0x65,0x63,0x32,0x28,0x30,0x2e,0x30,0x2c,0x20,
    0x28,0x2d,0x68,0x66,0x2e,0x79,0x29,0x20,0x2b,0x20,0x5f,0x34,0x37,0x34,0x29,0x3b,
    0x0a,0x20,0x20,0x20,0x20,0x20,0x20,0x20,0x20,0x66,0x6c,0x6f,0x61,0x74,0x20,0x70,
    0x61,0x72,0x61,0x6d,0x5f,0x37,0x31,0x20,0x3d,0x20,0x5f,0x34,0x36,0x38,0x3b,0x0a,
    0x20,0x20,0x20,0x20,0x20,0x20,0x20,0x20,0x76,0x65,0x63,0x32,0x20,0x70,0x61,0x72,
    0x61,0x6d,0x5f,0x37,0x32,0x20,0x3d,0x20,0x70,0x3b,0x0a,0x20,0x20,0x20,0x20,0x20,
    0x20,0x20,0x20,0x76,0x65,0x63,0x32,0x20,0x70,0x61,0x72,0x61,0x6d,0x5f,0x37,0x33,
    0x20,0x3d,0x20,0x76,0x65,0x63,0x32,0x28,0x28,0x2d,0x68,0x66,0x2e,0x78,0x29,0x20,
    0x2b,0x20,0x5f,0x34,0x37,0x34,0x2c,0x20,0x2d,0x68,0x66,0x2e,0x79,0x29,0x3b,0x0a,
    0x20,0x20,0x20,0x20,0x20,0x20,0x20,0x20,0x76,0x65,0x63,0x32,0x20,0x70,0x61,0x72,
    0x61,0x6d,0x5f,0x37,0x34,0x20,0x3d,0x20,0x76,0x65,0x63,0x32,0x28,0x28,0x2d,0x68,
    0x66,0x2e,0x78,0x29,0x20,0x2b,0x20,0x5f,0x34,0x37,0x34,0x2c,0x20,0x30,0x2e,0x30,
    0x29,0x3b,0x0a,0x20,0x20,0x20,0x20,0x20,0x20,0x20,0x20,0x66,0x6c,0x6f,0x61,0x74,
    0x20,0x70,0x61,0x72,0x61,0x6d,0x5f,0x37,0x35,0x20,0x3d,0x20,0x5f,0x34,0x36,0x38,
    0x3b,0x0a,0x20,0x20,0x20,0x20,0x20,0x20,0x20,0x20,0x72,0x65,0x74,0x75,0x72,0x6e,
    0x20,0x6d,0x69,0x6e,0x28,0x73,0x64,0x5f,0x61,0x72,0x63,0x28,0x70,0x61,0x72,0x61,
    0x6d,0x5f,0x36,0x33,0x2c,0x20,0x70,0x61,0x72,0x61,0x6d,0x5f,0x36,0x34,0x2c,0x20,
    0x70,0x61,0x72,0x61,0x6d,0x5f,0x36,0x35,0x2c,0x20,0x70,0x61,0x72,0x61,0x6d,0x5f,
    0x36,0x36,0x2c,0x20,0x70,0x61,0x72,0x61,0x6d,0x5f,0x36,0x37,0x29,0x2c,0x20,0x6d,
    0x69,0x6e,0x28,0x73,0x64,0x5f,0x73,0x65,0x67,0x28,0x70,0x61,0x72,0x61,0x6d,0x5f,
    0x36,0x38,0x2c,0x20,0x70,0x61,0x72,0x61,0x6d,0x5f,0x36,0x39,0x2c,0x20,0x70,0x61,
    0x72,0x61,0x6d,0x5f,0x37,0x30,0x2c,0x20,0x70,0x61,0x72,0x61,0x6d,0x5f,0x37,0x31,
    0x29,0x2c,0x20,0x73,0x64,0x5f,0x73,0x65,0x67,0x28,0x70,0x61,0x72,0x61,0x6d,0x5f,
    0x37,0x32,0x2c,0x20,0x70,0x61,0x72,0x61,0x6d,0x5f,0x37,0x33,0x2c,0x20,0x70,0x61,
    0x72,0x61,0x6d,0x5f,0x37,0x34,0x2c,0x20,0x70,0x61,0x72,0x61,0x6d,0x5f,0x37,0x35,
    0x29,0x29,0x29,0x3b,0x0a,0x20,0x20,0x20,0x20,0x7d,0x0a,0x20,0x20,0x20,0x20,0x72,
    0x65,0x74,0x75,0x72,0x6e,0x20,0x31,0x2e,0x30,0x3b,0x0a,0x7d,0x0a,0x0a,0x66,0x6c,
    0x6f,0x61,0x74,0x20,0x73,0x64,0x5f,0x72,0x6f,0x75,0x6e,0x64,0x5f,0x62,0x6f,0x78,
    0x28,0x76,0x65,0x63,0x32,0x20,0x70,0x2c,0x20,0x76,0x65,0x63,0x32,0x20,0x68,0x61,
    0x6c,0x66,0x5f,0x65,0x78,0x74,0x2c,0x20,0x66,0x6c,0x6f,0x61,0x74,0x20,0x72,0x29,
    0x0a,0x7b,0x0a,0x20,0x20,0x20,0x20,0x76,0x65,0x63,0x32,0x20,0x5f,0x35,0x33,0x20,
    0x3d,0x20,0x28,0x61,0x62,0x73,0x28,0x70,0x29,0x20,0x2d,0x20,0x68,0x61,0x6c,0x66,
    0x5f,0x65,0x78,0x74,0x29,0x20,0x2b,0x20,0x76,0x65,0x63,0x32,0x28,0x72,0x29,0x3b,
    0x0a,0x20,0x20,0x20,0x20,0x72,0x65,0x74,0x75,0x72,0x6e,0x20,0x28,0x6d,0x69,0x6e,
    0x28,0x6d,0x61,0x78,0x28,0x5f,0x35,0x33,0x2e,0x78,0x2c,0x20,0x5f,0x35,0x33,0x2e,
    0x79,0x29,0x2c,0x20,0x30,0x2e,0x30,0x29,0x20,0x2b,0x20,0x6c,0x65,0x6e,0x67,0x74,
    0x68,0x28,0x6d,0x61,0x78,0x28,0x5f,0x35,0x33,0x2c,0x20,0x76,0x65,0x63,0x32,0x28,
    0x30,0x2e,0x30,0x29,0x29,0x29,0x29,0x20,0x2d,0x20,0x72,0x3b,0x0a,0x7d,0x0a,0x0a,
    0x76,0x6f,0x69,0x64,0x20,0x6d,0x61,0x69,0x6e,0x28,0x29,0x0a,0x7b,0x0a,0x20,0x20,
    0x20,0x20,0x69,0x66,0x20,0x28,0x76,0x49,0x73,0x47,0x6c,0x79,0x70,0x68,0x20,0x3e,
    0x20,0x32,0x2e,0x35,0x29,0x0a,0x20,0x20,0x20,0x20,0x7b,0x0a,0x20,0x20,0x20,0x20,
    0x20,0x20,0x20,0x20,0x69,0x6e,0x74,0x20,0x70,0x61,0x72,0x61,0x6d,0x20,0x3d,0x20,
    0x69,0x6e,0x74,0x28,0x76,0x53,0x68,0x61,0x70,0x65,0x20,0x2b,0x20,0x30,0x2e,0x35,
    0x29,0x3b,0x0a,0x20,0x20,0x20,0x20,0x20,0x20,0x20,0x20,0x76,0x65,0x63,0x32,0x20,
    0x70,0x61,0x72,0x61,0x6d,0x5f,0x31,0x20,0x3d,0x20,0x76,0x4c,0x6f,0x63,0x61,0x6c,
    0x3b,0x0a,0x20,0x20,0x20,0x20,0x20,0x20,0x20,0x20,0x76,0x65,0x63,0x32,0x20,0x70,
    0x61,0x72,0x61,0x6d,0x5f,0x32,0x20,0x3d,0x20,0x76,0x48,0x61,0x6c,0x66,0x3b,0x0a,
    0x20,0x20,0x20,0x20,0x20,0x20,0x20,0x20,0x66,0x6c,0x6f,0x61,0x74,0x20,0x5f,0x37,
    0x39,0x30,0x20,0x3d,0x20,0x73,0x64,0x66,0x5f,0x73,0x68,0x61,0x70,0x65,0x28,0x70,
    0x61,0x72,0x61,0x6d,0x2c,0x20,0x70,0x61,0x72,0x61,0x6d,0x5f,0x31,0x2c,0x20,0x70,
    0x61,0x72,0x61,0x6d,0x5f,0x32,0x29,0x3b,0x0a,0x20,0x20,0x20,0x20,0x20,0x20,0x20,
    0x20,0x66,0x6c,0x6f,0x61,0x74,0x20,0x5f,0x37,0x39,0x33,0x20,0x3d,0x20,0x66,0x77,
    0x69,0x64,0x74,0x68,0x28,0x5f,0x37,0x39,0x30,0x29,0x3b,0x0a,0x20,0x20,0x20,0x20,
    0x20,0x20,0x20,0x20,0x66,0x72,0x61,0x67,0x20,0x3d,0x20,0x76,0x65,0x63,0x34,0x28,
    0x76,0x43,0x6f,0x6c,0x6f,0x72,0x2e,0x78,0x79,0x7a,0x2c,0x20,0x31,0x2e,0x30,0x20,
    0x2d,0x20,0x73,0x6d,0x6f,0x6f,0x74,0x68,0x73,0x74,0x65,0x70,0x28,0x28,0x2d,0x39,
    0x2e,0x39,0x39,0x39,0x39,0x39,0x39,0x37,0x34,0x37,0x33,0x37,0x38,0x37,0x35,0x31,
    0x36,0x33,0x35,0x35,0x35,0x31,0x34,0x35,0x32,0x36,0x33,0x36,0x37,0x31,0x38,0x38,
    0x65,0x2d,0x30,0x35,0x29,0x20,0x2d,0x20,0x5f,0x37,0x39,0x33,0x2c,0x20,0x5f,0x37,
    0x39,0x33,0x20,0x2b,0x20,0x39,0x2e,0x39,0x39,0x39,0x39,0x39,0x39,0x37,0x34,0x37,
    0x33,0x37,0x38,0x37,0x35,0x31,0x36,0x33,0x35,0x35,0x35,0x31,0x34,0x35,0x32,0x36,
    0x33,0x36,0x37,0x31,0x38,0x38,0x65,0x2d,0x30,0x35,0x2c,0x20,0x5f,0x37,0x39,0x30,
    0x29,0x29,0x3b,0x0a,0x20,0x20,0x20,0x20,0x7d,0x0a,0x20,0x20,0x20,0x20,0x65,0x6c,
    0x73,0x65,0x0a,0x20,0x20,0x20,0x20,0x7b,0x0a,0x20,0x20,0x20,0x20,0x20,0x20,0x20,
    0x20,0x69,0x66,0x20,0x28,0x76,0x49,0x73,0x47,0x6c,0x79,0x70,0x68,0x20,0x3e,0x20,
    0x31,0x2e,0x35,0x29,0x0a,0x20,0x20,0x20,0x20,0x20,0x20,0x20,0x20,0x7b,0x0a,0x20,
    0x20,0x20,0x20,0x20,0x20,0x20,0x20,0x20,0x20,0x20,0x20,0x66,0x72,0x61,0x67,0x20,
    0x3d,0x20,0x74,0x65,0x78,0x74,0x75,0x72,0x65,0x28,0x75,0x43,0x6f,0x6c,0x6f,0x72,
    0x41,0x74,0x6c,0x61,0x73,0x5f,0x75,0x53,0x6d,0x70,0x2c,0x20,0x76,0x55,0x56,0x29,
    0x3b,0x0a,0x20,0x20,0x20,0x20,0x20,0x20,0x20,0x20,0x7d,0x0a,0x20,0x20,0x20,0x20,
    0x20,0x20,0x20,0x20,0x65,0x6c,0x73,0x65,0x0a,0x20,0x20,0x20,0x20,0x20,0x20,0x20,
    0x20,0x7b,0x0a,0x20,0x20,0x20,0x20,0x20,0x20,0x20,0x20,0x20,0x20,0x20,0x20,0x69,
    0x66,0x20,0x28,0x76,0x49,0x73,0x47,0x6c,0x79,0x70,0x68,0x20,0x3e,0x20,0x30,0x2e,
    0x35,0x29,0x0a,0x20,0x20,0x20,0x20,0x20,0x20,0x20,0x20,0x20,0x20,0x20,0x20,0x7b,
    0x0a,0x20,0x20,0x20,0x20,0x20,0x20,0x20,0x20,0x20,0x20,0x20,0x20,0x20,0x20,0x20,
    0x20,0x66,0x72,0x61,0x67,0x20,0x3d,0x20,0x76,0x65,0x63,0x34,0x28,0x76,0x43,0x6f,
    0x6c,0x6f,0x72,0x2e,0x78,0x79,0x7a,0x2c,0x20,0x70,0x6f,0x77,0x28,0x74,0x65,0x78,
    0x74,0x75,0x72,0x65,0x28,0x75,0x41,0x74,0x6c,0x61,0x73,0x5f,0x75,0x53,0x6d,0x70,
    0x2c,0x20,0x76,0x55,0x56,0x29,0x2e,0x78,0x2c,0x20,0x31,0x2e,0x30,0x20,0x2f,0x20,
    0x6d,0x69,0x78,0x28,0x31,0x2e,0x32,0x30,0x30,0x30,0x30,0x30,0x30,0x34,0x37,0x36,
    0x38,0x33,0x37,0x31,0x35,0x38,0x32,0x30,0x33,0x31,0x32,0x35,0x2c,0x20,0x31,0x2e,
    0x36,0x30,0x30,0x30,0x30,0x30,0x30,0x32,0x33,0x38,0x34,0x31,0x38,0x35,0x37,0x39,
    0x31,0x30,0x31,0x35,0x36,0x32,0x35,0x2c,0x20,0x64,0x6f,0x74,0x28,0x76,0x43,0x6f,
    0x6c,0x6f,0x72,0x2e,0x78,0x79,0x7a,0x2c,0x20,0x76,0x65,0x63,0x33,0x28,0x30,0x2e,
    0x32,0x31,0x32,0x35,0x39,0x39,0x39,0x39,0x32,0x37,0x35,0x32,0x30,0x37,0x35,0x31,
    0x39,0x35,0x33,0x31,0x32,0x35,0x2c,0x20,0x30,0x2e,0x37,0x31,0x35,0x32,0x30,0x30,
    0x30,0x30,0x36,0x39,0x36,0x31,0x38,0x32,0x32,0x35,0x30,0x39,0x37,0x36,0x35,0x36,
    0x32,0x35,0x2c,0x20,0x30,0x2e,0x30,0x37,0x32,0x32,0x30,0x30,0x30,0x30,0x30,0x32,
    0x38,0x36,0x31,0x30,0x32,0x32,0x39,0x34,0x39,0x32,0x31,0x38,0x37,0x35,0x29,0x29,
    0x29,0x29,0x29,0x3b,0x0a,0x20,0x20,0x20,0x20,0x20,0x20,0x20,0x20,0x20,0x20,0x20,
    0x20,0x7d,0x0a,0x20,0x20,0x20,0x20,0x20,0x20,0x20,0x20,0x20,0x20,0x20,0x20,0x65,
    0x6c,0x73,0x65,0x0a,0x20,0x20,0x20,0x20,0x20,0x20,0x20,0x20,0x20,0x20,0x20,0x20,
    0x7b,0x0a,0x20,0x20,0x20,0x20,0x20,0x20,0x20,0x20,0x20,0x20,0x20,0x20,0x20,0x20,
    0x20,0x20,0x69,0x66,0x20,0x28,0x76,0x52,0x61,0x64,0x69,0x75,0x73,0x20,0x3e,0x20,
    0x30,0x2e,0x30,0x29,0x0a,0x20,0x20,0x20,0x20,0x20,0x20,0x20,0x20,0x20,0x20,0x20,
    0x20,0x20,0x20,0x20,0x20,0x7b,0x0a,0x20,0x20,0x20,0x20,0x20,0x20,0x20,0x20,0x20,
    0x20,0x20,0x20,0x20,0x20,0x20,0x20,0x20,0x20,0x20,0x20,0x76,0x65,0x63,0x32,0x20,
    0x70,0x61,0x72,0x61,0x6d,0x5f,0x33,0x20,0x3d,0x20,0x76,0x4c,0x6f,0x63,0x61,0x6c,
    0x3b,0x0a,0x20,0x20,0x20,0x20,0x20,0x20,0x20,0x20,0x20,0x20,0x20,0x20,0x20,0x20,
    0x20,0x20,0x20,0x20,0x20,0x20,0x76,0x65,0x63,0x32,0x20,0x70,0x61,0x72,0x61,0x6d,
    0x5f,0x34,0x20,0x3d,0x20,0x76,0x48,0x61,0x6c,0x66,0x3b,0x0a,0x20,0x20,0x20,0x20,
    0x20,0x20,0x20,0x20,0x20,0x20,0x20,0x20,0x20,0x20,0x20,0x20,0x20,0x20,0x20,0x20,
    0x66,0x6c,0x6f,0x61,0x74,0x20,0x70,0x61,0x72,0x61,0x6d,0x5f,0x35,0x20,0x3d,0x20,
    0x76,0x52,0x61,0x64,0x69,0x75,0x73,0x3b,0x0a,0x20,0x20,0x20,0x20,0x20,0x20,0x20,
    0x20,0x20,0x20,0x20,0x20,0x20,0x20,0x20,0x20,0x20,0x20,0x20,0x20,0x66,0x72,0x61,
    0x67,0x20,0x3d,0x20,0x76,0x65,0x63,0x34,0x28,0x76,0x43,0x6f,0x6c,0x6f,0x72,0x2e,
    0x78,0x79,0x7a,0x2c,0x20,0x28,0x28,0x31,0x2e,0x30,0x20,0x2d,0x20,0x73,0x6d,0x6f,
    0x6f,0x74,0x68,0x73,0x74,0x65,0x70,0x28,0x2d,0x30,0x2e,0x37,0x35,0x2c,0x20,0x30,
    0x2e,0x37,0x35,0x2c,0x20,0x73,0x64,0x5f,0x72,0x6f,0x75,0x6e,0x64,0x5f,0x62,0x6f,
    0x78,0x28,0x70,0x61,0x72,0x61,0x6d,0x5f,0x33,0x2c,0x20,0x70,0x61,0x72,0x61,0x6d,
    0x5f,0x34,0x2c,0x20,0x70,0x61,0x72,0x61,0x6d,0x5f,0x35,0x29,0x29,0x29,0x20,0x2a,
    0x20,0x63,0x65,0x6c,0x6c,0x5f,0x66,0x73,0x5f,0x70,0x61,0x72,0x61,0x6d,0x73,0x5b,
    0x30,0x5d,0x2e,0x78,0x29,0x20,0x2a,0x20,0x76,0x43,0x6f,0x6c,0x6f,0x72,0x2e,0x77,
    0x29,0x3b,0x0a,0x20,0x20,0x20,0x20,0x20,0x20,0x20,0x20,0x20,0x20,0x20,0x20,0x20,
    0x20,0x20,0x20,0x7d,0x0a,0x20,0x20,0x20,0x20,0x20,0x20,0x20,0x20,0x20,0x20,0x20,
    0x20,0x20,0x20,0x20,0x20,0x65,0x6c,0x73,0x65,0x0a,0x20,0x20,0x20,0x20,0x20,0x20,
    0x20,0x20,0x20,0x20,0x20,0x20,0x20,0x20,0x20,0x20,0x7b,0x0a,0x20,0x20,0x20,0x20,
    0x20,0x20,0x20,0x20,0x20,0x20,0x20,0x20,0x20,0x20,0x20,0x20,0x20,0x20,0x20,0x20,
    0x66,0x72,0x61,0x67,0x20,0x3d,0x20,0x76,0x65,0x63,0x34,0x28,0x76,0x43,0x6f,0x6c,
    0x6f,0x72,0x2e,0x78,0x79,0x7a,0x2c,0x20,0x63,0x65,0x6c,0x6c,0x5f,0x66,0x73,0x5f,
    0x70,0x61,0x72,0x61,0x6d,0x73,0x5b,0x30,0x5d,0x2e,0x78,0x20,0x2a,0x20,0x76,0x43,
    0x6f,0x6c,0x6f,0x72,0x2e,0x77,0x29,0x3b,0x0a,0x20,0x20,0x20,0x20,0x20,0x20,0x20,
    0x20,0x20,0x20,0x20,0x20,0x20,0x20,0x20,0x20,0x7d,0x0a,0x20,0x20,0x20,0x20,0x20,
    0x20,0x20,0x20,0x20,0x20,0x20,0x20,0x7d,0x0a,0x20,0x20,0x20,0x20,0x20,0x20,0x20,
    0x20,0x7d,0x0a,0x20,0x20,0x20,0x20,0x7d,0x0a,0x7d,0x0a,0x0a,0x00,
};
/*
    #version 410

    uniform vec4 image_vs_params[2];
    layout(location = 0) in vec2 aCorner;
    layout(location = 0) out vec2 vUV;

    void main()
    {
        vec2 _27 = image_vs_params[1].xy + (aCorner * image_vs_params[1].zw);
        gl_Position = vec4(((_27.x / image_vs_params[0].x) * 2.0) - 1.0, 1.0 - ((_27.y / image_vs_params[0].y) * 2.0), 0.0, 1.0);
        vUV = aCorner;
    }

*/
static const uint8_t image_vs_source_glsl410[358] = {
    0x23,0x76,0x65,0x72,0x73,0x69,0x6f,0x6e,0x20,0x34,0x31,0x30,0x0a,0x0a,0x75,0x6e,
    0x69,0x66,0x6f,0x72,0x6d,0x20,0x76,0x65,0x63,0x34,0x20,0x69,0x6d,0x61,0x67,0x65,
    0x5f,0x76,0x73,0x5f,0x70,0x61,0x72,0x61,0x6d,0x73,0x5b,0x32,0x5d,0x3b,0x0a,0x6c,
    0x61,0x79,0x6f,0x75,0x74,0x28,0x6c,0x6f,0x63,0x61,0x74,0x69,0x6f,0x6e,0x20,0x3d,
    0x20,0x30,0x29,0x20,0x69,0x6e,0x20,0x76,0x65,0x63,0x32,0x20,0x61,0x43,0x6f,0x72,
    0x6e,0x65,0x72,0x3b,0x0a,0x6c,0x61,0x79,0x6f,0x75,0x74,0x28,0x6c,0x6f,0x63,0x61,
    0x74,0x69,0x6f,0x6e,0x20,0x3d,0x20,0x30,0x29,0x20,0x6f,0x75,0x74,0x20,0x76,0x65,
    0x63,0x32,0x20,0x76,0x55,0x56,0x3b,0x0a,0x0a,0x76,0x6f,0x69,0x64,0x20,0x6d,0x61,
    0x69,0x6e,0x28,0x29,0x0a,0x7b,0x0a,0x20,0x20,0x20,0x20,0x76,0x65,0x63,0x32,0x20,
    0x5f,0x32,0x37,0x20,0x3d,0x20,0x69,0x6d,0x61,0x67,0x65,0x5f,0x76,0x73,0x5f,0x70,
    0x61,0x72,0x61,0x6d,0x73,0x5b,0x31,0x5d,0x2e,0x78,0x79,0x20,0x2b,0x20,0x28,0x61,
    0x43,0x6f,0x72,0x6e,0x65,0x72,0x20,0x2a,0x20,0x69,0x6d,0x61,0x67,0x65,0x5f,0x76,
    0x73,0x5f,0x70,0x61,0x72,0x61,0x6d,0x73,0x5b,0x31,0x5d,0x2e,0x7a,0x77,0x29,0x3b,
    0x0a,0x20,0x20,0x20,0x20,0x67,0x6c,0x5f,0x50,0x6f,0x73,0x69,0x74,0x69,0x6f,0x6e,
    0x20,0x3d,0x20,0x76,0x65,0x63,0x34,0x28,0x28,0x28,0x5f,0x32,0x37,0x2e,0x78,0x20,
    0x2f,0x20,0x69,0x6d,0x61,0x67,0x65,0x5f,0x76,0x73,0x5f,0x70,0x61,0x72,0x61,0x6d,
    0x73,0x5b,0x30,0x5d,0x2e,0x78,0x29,0x20,0x2a,0x20,0x32,0x2e,0x30,0x29,0x20,0x2d,
    0x20,0x31,0x2e,0x30,0x2c,0x20,0x31,0x2e,0x30,0x20,0x2d,0x20,0x28,0x28,0x5f,0x32,
    0x37,0x2e,0x79,0x20,0x2f,0x20,0x69,0x6d,0x61,0x67,0x65,0x5f,0x76,0x73,0x5f,0x70,
    0x61,0x72,0x61,0x6d,0x73,0x5b,0x30,0x5d,0x2e,0x79,0x29,0x20,0x2a,0x20,0x32,0x2e,
    0x30,0x29,0x2c,0x20,0x30,0x2e,0x30,0x2c,0x20,0x31,0x2e,0x30,0x29,0x3b,0x0a,0x20,
    0x20,0x20,0x20,0x76,0x55,0x56,0x20,0x3d,0x20,0x61,0x43,0x6f,0x72,0x6e,0x65,0x72,
    0x3b,0x0a,0x7d,0x0a,0x0a,0x00,
};
/*
    #version 410

    uniform sampler2D uTex_uImgSmp;

    layout(location = 0) out vec4 frag;
    layout(location = 0) in vec2 vUV;

    void main()
    {
        frag = texture(uTex_uImgSmp, vUV);
    }

*/
static const uint8_t image_fs_source_glsl410[175] = {
    0x23,0x76,0x65,0x72,0x73,0x69,0x6f,0x6e,0x20,0x34,0x31,0x30,0x0a,0x0a,0x75,0x6e,
    0x69,0x66,0x6f,0x72,0x6d,0x20,0x73,0x61,0x6d,0x70,0x6c,0x65,0x72,0x32,0x44,0x20,
    0x75,0x54,0x65,0x78,0x5f,0x75,0x49,0x6d,0x67,0x53,0x6d,0x70,0x3b,0x0a,0x0a,0x6c,
    0x61,0x79,0x6f,0x75,0x74,0x28,0x6c,0x6f,0x63,0x61,0x74,0x69,0x6f,0x6e,0x20,0x3d,
    0x20,0x30,0x29,0x20,0x6f,0x75,0x74,0x20,0x76,0x65,0x63,0x34,0x20,0x66,0x72,0x61,
    0x67,0x3b,0x0a,0x6c,0x61,0x79,0x6f,0x75,0x74,0x28,0x6c,0x6f,0x63,0x61,0x74,0x69,
    0x6f,0x6e,0x20,0x3d,0x20,0x30,0x29,0x20,0x69,0x6e,0x20,0x76,0x65,0x63,0x32,0x20,
    0x76,0x55,0x56,0x3b,0x0a,0x0a,0x76,0x6f,0x69,0x64,0x20,0x6d,0x61,0x69,0x6e,0x28,
    0x29,0x0a,0x7b,0x0a,0x20,0x20,0x20,0x20,0x66,0x72,0x61,0x67,0x20,0x3d,0x20,0x74,
    0x65,0x78,0x74,0x75,0x72,0x65,0x28,0x75,0x54,0x65,0x78,0x5f,0x75,0x49,0x6d,0x67,
    0x53,0x6d,0x70,0x2c,0x20,0x76,0x55,0x56,0x29,0x3b,0x0a,0x7d,0x0a,0x0a,0x00,
};
/*
    cbuffer cell_vs_params : register(b0)
    {
        float4 _13_uScreen : packoffset(c0);
    };


    static float4 gl_Position;
    static float4 aRect;
    static float2 aCorner;
    static float2 vUV;
    static float4 aUV;
    static float4 vColor;
    static float4 aColor;
    static float vIsGlyph;
    static float4 aFlags;
    static float vRadius;
    static float vShape;
    static float2 vHalf;
    static float2 vLocal;

    struct SPIRV_Cross_Input
    {
        float2 aCorner : TEXCOORD0;
        float4 aRect : TEXCOORD1;
        float4 aUV : TEXCOORD2;
        float4 aColor : TEXCOORD3;
        float4 aFlags : TEXCOORD4;
    };

    struct SPIRV_Cross_Output
    {
        float2 vUV : TEXCOORD0;
        float4 vColor : TEXCOORD1;
        float vIsGlyph : TEXCOORD2;
        float vShape : TEXCOORD3;
        float2 vLocal : TEXCOORD4;
        float2 vHalf : TEXCOORD5;
        float vRadius : TEXCOORD6;
        float4 gl_Position : SV_Position;
    };

    void vert_main()
    {
        float2 _31 = (_13_uScreen.zw + aRect.xy) + (aCorner * aRect.zw);
        gl_Position = float4(((_31.x / _13_uScreen.x) * 2.0f) - 1.0f, 1.0f - ((_31.y / _13_uScreen.y) * 2.0f), 0.0f, 1.0f);
        vUV = lerp(aUV.xy, aUV.zw, aCorner);
        vColor = aColor;
        vIsGlyph = aFlags.x * 255.0f;
        vRadius = aFlags.y * 255.0f;
        vShape = aFlags.z * 255.0f;
        vHalf = aRect.zw * 0.5f;
        vLocal = (aCorner - 0.5f.xx) * aRect.zw;
    }

    SPIRV_Cross_Output main(SPIRV_Cross_Input stage_input)
    {
        aRect = stage_input.aRect;
        aCorner = stage_input.aCorner;
        aUV = stage_input.aUV;
        aColor = stage_input.aColor;
        aFlags = stage_input.aFlags;
        vert_main();
        SPIRV_Cross_Output stage_output;
        stage_output.gl_Position = gl_Position;
        stage_output.vUV = vUV;
        stage_output.vColor = vColor;
        stage_output.vIsGlyph = vIsGlyph;
        stage_output.vRadius = vRadius;
        stage_output.vShape = vShape;
        stage_output.vHalf = vHalf;
        stage_output.vLocal = vLocal;
        return stage_output;
    }
*/
static const uint8_t cell_vs_source_hlsl5[1861] = {
    0x63,0x62,0x75,0x66,0x66,0x65,0x72,0x20,0x63,0x65,0x6c,0x6c,0x5f,0x76,0x73,0x5f,
    0x70,0x61,0x72,0x61,0x6d,0x73,0x20,0x3a,0x20,0x72,0x65,0x67,0x69,0x73,0x74,0x65,
    0x72,0x28,0x62,0x30,0x29,0x0a,0x7b,0x0a,0x20,0x20,0x20,0x20,0x66,0x6c,0x6f,0x61,
    0x74,0x34,0x20,0x5f,0x31,0x33,0x5f,0x75,0x53,0x63,0x72,0x65,0x65,0x6e,0x20,0x3a,
    0x20,0x70,0x61,0x63,0x6b,0x6f,0x66,0x66,0x73,0x65,0x74,0x28,0x63,0x30,0x29,0x3b,
    0x0a,0x7d,0x3b,0x0a,0x0a,0x0a,0x73,0x74,0x61,0x74,0x69,0x63,0x20,0x66,0x6c,0x6f,
    0x61,0x74,0x34,0x20,0x67,0x6c,0x5f,0x50,0x6f,0x73,0x69,0x74,0x69,0x6f,0x6e,0x3b,
    0x0a,0x73,0x74,0x61,0x74,0x69,0x63,0x20,0x66,0x6c,0x6f,0x61,0x74,0x34,0x20,0x61,
    0x52,0x65,0x63,0x74,0x3b,0x0a,0x73,0x74,0x61,0x74,0x69,0x63,0x20,0x66,0x6c,0x6f,
    0x61,0x74,0x32,0x20,0x61,0x43,0x6f,0x72,0x6e,0x65,0x72,0x3b,0x0a,0x73,0x74,0x61,
    0x74,0x69,0x63,0x20,0x66,0x6c,0x6f,0x61,0x74,0x32,0x20,0x76,0x55,0x56,0x3b,0x0a,
    0x73,0x74,0x61,0x74,0x69,0x63,0x20,0x66,0x6c,0x6f,0x61,0x74,0x34,0x20,0x61,0x55,
    0x56,0x3b,0x0a,0x73,0x74,0x61,0x74,0x69,0x63,0x20,0x66,0x6c,0x6f,0x61,0x74,0x34,
    0x20,0x76,0x43,0x6f,0x6c,0x6f,0x72,0x3b,0x0a,0x73,0x74,0x61,0x74,0x69,0x63,0x20,
    0x66,0x6c,0x6f,0x61,0x74,0x34,0x20,0x61,0x43,0x6f,0x6c,0x6f,0x72,0x3b,0x0a,0x73,
    0x74,0x61,0x74,0x69,0x63,0x20,0x66,0x6c,0x6f,0x61,0x74,0x20,0x76,0x49,0x73,0x47,
    0x6c,0x79,0x70,0x68,0x3b,0x0a,0x73,0x74,0x61,0x74,0x69,0x63,0x20,0x66,0x6c,0x6f,
    0x61,0x74,0x34,0x20,0x61,0x46,0x6c,0x61,0x67,0x73,0x3b,0x0a,0x73,0x74,0x61,0x74,
    0x69,0x63,0x20,0x66,0x6c,0x6f,0x61,0x74,0x20,0x76,0x52,0x61,0x64,0x69,0x75,0x73,
    0x3b,0x0a,0x73,0x74,0x61,0x74,0x69,0x63,0x20,0x66,0x6c,0x6f,0x61,0x74,0x20,0x76,
    0x53,0x68,0x61,0x70,0x65,0x3b,0x0a,0x73,0x74,0x61,0x74,0x69,0x63,0x20,0x66,0x6c,
    0x6f,0x61,0x74,0x32,0x20,0x76,0x48,0x61,0x6c,0x66,0x3b,0x0a,0x73,0x74,0x61,0x74,
    0x69,0x63,0x20,0x66,0x6c,0x6f,0x61,0x74,0x32,0x20,0x76,0x4c,0x6f,0x63,0x61,0x6c,
    0x3b,0x0a,0x0a,0x73,0x74,0x72,0x75,0x63,0x74,0x20,0x53,0x50,0x49,0x52,0x56,0x5f,
    0x43,0x72,0x6f,0x73,0x73,0x5f,0x49,0x6e,0x70,0x75,0x74,0x0a,0x7b,0x0a,0x20,0x20,
    0x20,0x20,0x66,0x6c,0x6f,0x61,0x74,0x32,0x20,0x61,0x43,0x6f,0x72,0x6e,0x65,0x72,
    0x20,0x3a,0x20,0x54,0x45,0x58,0x43,0x4f,0x4f,0x52,0x44,0x30,0x3b,0x0a,0x20,0x20,
    0x20,0x20,0x66,0x6c,0x6f,0x61,0x74,0x34,0x20,0x61,0x52,0x65,0x63,0x74,0x20,0x3a,
    0x20,0x54,0x45,0x58,0x43,0x4f,0x4f,0x52,0x44,0x31,0x3b,0x0a,0x20,0x20,0x20,0x20,
    0x66,0x6c,0x6f,0x61,0x74,0x34,0x20,0x61,0x55,0x56,0x20,0x3a,0x20,0x54,0x45,0x58,
    0x43,0x4f,0x4f,0x52,0x44,0x32,0x3b,0x0a,0x20,0x20,0x20,0x20,0x66,0x6c,0x6f,0x61,
    0x74,0x34,0x20,0x61,0x43,0x6f,0x6c,0x6f,0x72,0x20,0x3a,0x20,0x54,0x45,0x58,0x43,
    0x4f,0x4f,0x52,0x44,0x33,0x3b,0x0a,0x20,0x20,0x20,0x20,0x66,0x6c,0x6f,0x61,0x74,
    0x34,0x20,0x61,0x46,0x6c,0x61,0x67,0x73,0x20,0x3a,0x20,0x54,0x45,0x58,0x43,0x4f,
    0x4f,0x52,0x44,0x34,0x3b,0x0a,0x7d,0x3b,0x0a,0x0a,0x73,0x74,0x72,0x75,0x63,0x74,
    0x20,0x53,0x50,0x49,0x52,0x56,0x5f,0x43,0x72,0x6f,0x73,0x73,0x5f,0x4f,0x75,0x74,
    0x70,0x75,0x74,0x0a,0x7b,0x0a,0x20,0x20,0x20,0x20,0x66,0x6c,0x6f,0x61,0x74,0x32,
    0x20,0x76,0x55,0x56,0x20,0x3a,0x20,0x54,0x45,0x58,0x43,0x4f,0x4f,0x52,0x44,0x30,
    0x3b,0x0a,0x20,0x20,0x20,0x20,0x66,0x6c,0x6f,0x61,0x74,0x34,0x20,0x76,0x43,0x6f,
    0x6c,0x6f,0x72,0x20,0x3a,0x20,0x54,0x45,0x58,0x43,0x4f,0x4f,0x52,0x44,0x31,0x3b,
    0x0a,0x20,0x20,0x20,0x20,0x66,0x6c,0x6f,0x61,0x74,0x20,0x76,0x49,0x73,0x47,0x6c,
    0x79,0x70,0x68,0x20,0x3a,0x20,0x54,0x45,0x58,0x43,0x4f,0x4f,0x52,0x44,0x32,0x3b,
    0x0a,0x20,0x20,0x20,0x20,0x66,0x6c,0x6f,0x61,0x74,0x20,0x76,0x53,0x68,0x61,0x70,
    0x65,0x20,0x3a,0x20,0x54,0x45,0x58,0x43,0x4f,0x4f,0x52,0x44,0x33,0x3b,0x0a,0x20,
    0x20,0x20,0x20,0x66,0x6c,0x6f,0x61,0x74,0x32,0x20,0x76,0x4c,0x6f,0x63,0x61,0x6c,
    0x20,0x3a,0x20,0x54,0x45,0x58,0x43,0x4f,0x4f,0x52,0x44,0x34,0x3b,0x0a,0x20,0x20,
    0x20,0x20,0x66,0x6c,0x6f,0x61,0x74,0x32,0x20,0x76,0x48,0x61,0x6c,0x66,0x20,0x3a,
    0x20,0x54,0x45,0x58,0x43,0x4f,0x4f,0x52,0x44,0x35,0x3b,0x0a,0x20,0x20,0x20,0x20,
    0x66,0x6c,0x6f,0x61,0x74,0x20,0x76,0x52,0x61,0x64,0x69,0x75,0x73,0x20,0x3a,0x20,
    0x54,0x45,0x58,0x43,0x4f,0x4f,0x52,0x44,0x36,0x3b,0x0a,0x20,0x20,0x20,0x20,0x66,
    0x6c,0x6f,0x61,0x74,0x34,0x20,0x67,0x6c,0x5f,0x50,0x6f,0x73,0x69,0x74,0x69,0x6f,
    0x6e,0x20,0x3a,0x20,0x53,0x56,0x5f,0x50,0x6f,0x73,0x69,0x74,0x69,0x6f,0x6e,0x3b,
    0x0a,0x7d,0x3b,0x0a,0x0a,0x76,0x6f,0x69,0x64,0x20,0x76,0x65,0x72,0x74,0x5f,0x6d,
    0x61,0x69,0x6e,0x28,0x29,0x0a,0x7b,0x0a,0x20,0x20,0x20,0x20,0x66,0x6c,0x6f,0x61,
    0x74,0x32,0x20,0x5f,0x33,0x31,0x20,0x3d,0x20,0x28,0x5f,0x31,0x33,0x5f,0x75,0x53,
    0x63,0x72,0x65,0x65,0x6e,0x2e,0x7a,0x77,0x20,0x2b,0x20,0x61,0x52,0x65,0x63,0x74,
    0x2e,0x78,0x79,0x29,0x20,0x2b,0x20,0x28,0x61,0x43,0x6f,0x72,0x6e,0x65,0x72,0x20,
    0x2a,0x20,0x61,0x52,0x65,0x63,0x74,0x2e,0x7a,0x77,0x29,0x3b,0x0a,0x20,0x20,0x20,
    0x20,0x67,0x6c,0x5f,0x50,0x6f,0x73,0x69,0x74,0x69,0x6f,0x6e,0x20,0x3d,0x20,0x66,
    0x6c,0x6f,0x61,0x74,0x34,0x28,0x28,0x28,0x5f,0x33,0x31,0x2e,0x78,0x20,0x2f,0x20,
    0x5f,0x31,0x33,0x5f,0x75,0x53,0x63,0x72,0x65,0x65,0x6e,0x2e,0x78,0x29,0x20,0x2a,
    0x20,0x32,0x2e,0x30,0x66,0x29,0x20,0x2d,0x20,0x31,0x2e,0x30,0x66,0x2c,0x20,0x31,
    0x2e,0x30,0x66,0x20,0x2d,0x20,0x28,0x28,0x5f,0x33,0x31,0x2e,0x79,0x20,0x2f,0x20,
    0x5f,0x31,0x33,0x5f,0x75,0x53,0x63,0x72,0x65,0x65,0x6e,0x2e,0x79,0x29,0x20,0x2a,
    0x20,0x32,0x2e,0x30,0x66,0x29,0x2c,0x20,0x30,0x2e,0x30,0x66,0x2c,0x20,0x31,0x2e,
    0x30,0x66,0x29,0x3b,0x0a,0x20,0x20,0x20,0x20,0x76,0x55,0x56,0x20,0x3d,0x20,0x6c,
    0x65,0x72,0x70,0x28,0x61,0x55,0x56,0x2e,0x78,0x79,0x2c,0x20,0x61,0x55,0x56,0x2e,
    0x7a,0x77,0x2c,0x20,0x61,0x43,0x6f,0x72,0x6e,0x65,0x72,0x29,0x3b,0x0a,0x20,0x20,
    0x20,0x20,0x76,0x43,0x6f,0x6c,0x6f,0x72,0x20,0x3d,0x20,0x61,0x43,0x6f,0x6c,0x6f,
    0x72,0x3b,0x0a,0x20,0x20,0x20,0x20,0x76,0x49,0x73,0x47,0x6c,0x79,0x70,0x68,0x20,
    0x3d,0x20,0x61,0x46,0x6c,0x61,0x67,0x73,0x2e,0x78,0x20,0x2a,0x20,0x32,0x35,0x35,
    0x2e,0x30,0x66,0x3b,0x0a,0x20,0x20,0x20,0x20,0x76,0x52,0x61,0x64,0x69,0x75,0x73,
    0x20,0x3d,0x20,0x61,0x46,0x6c,0x61,0x67,0x73,0x2e,0x79,0x20,0x2a,0x20,0x32,0x35,
    0x35,0x2e,0x30,0x66,0x3b,0x0a,0x20,0x20,0x20,0x20,0x76,0x53,0x68,0x61,0x70,0x65,
    0x20,0x3d,0x20,0x61,0x46,0x6c,0x61,0x67,0x73,0x2e,0x7a,0x20,0x2a,0x20,0x32,0x35,
    0x35,0x2e,0x30,0x66,0x3b,0x0a,0x20,0x20,0x20,0x20,0x76,0x48,0x61,0x6c,0x66,0x20,
    0x3d,0x20,0x61,0x52,0x65,0x63,0x74,0x2e,0x7a,0x77,0x20,0x2a,0x20,0x30,0x2e,0x35,
    0x66,0x3b,0x0a,0x20,0x20,0x20,0x20,0x76,0x4c,0x6f,0x63,0x61,0x6c,0x20,0x3d,0x20,
    0x28,0x61,0x43,0x6f,0x72,0x6e,0x65,0x72,0x20,0x2d,0x20,0x30,0x2e,0x35,0x66,0x2e,
    0x78,0x78,0x29,0x20,0x2a,0x20,0x61,0x52,0x65,0x63,0x74,0x2e,0x7a,0x77,0x3b,0x0a,
    0x7d,0x0a,0x0a,0x53,0x50,0x49,0x52,0x56,0x5f,0x43,0x72,0x6f,0x73,0x73,0x5f,0x4f,
    0x75,0x74,0x70,0x75,0x74,0x20,0x6d,0x61,0x69,0x6e,0x28,0x53,0x50,0x49,0x52,0x56,
    0x5f,0x43,0x72,0x6f,0x73,0x73,0x5f,0x49,0x6e,0x70,0x75,0x74,0x20,0x73,0x74,0x61,
    0x67,0x65,0x5f,0x69,0x6e,0x70,0x75,0x74,0x29,0x0a,0x7b,0x0a,0x20,0x20,0x20,0x20,
    0x61,0x52,0x65,0x63,0x74,0x20,0x3d,0x20,0x73,0x74,0x61,0x67,0x65,0x5f,0x69,0x6e,
    0x70,0x75,0x74,0x2e,0x61,0x52,0x65,0x63,0x74,0x3b,0x0a,0x20,0x20,0x20,0x20,0x61,
    0x43,0x6f,0x72,0x6e,0x65,0x72,0x20,0x3d,0x20,0x73,0x74,0x61,0x67,0x65,0x5f,0x69,
    0x6e,0x70,0x75,0x74,0x2e,0x61,0x43,0x6f,0x72,0x6e,0x65,0x72,0x3b,0x0a,0x20,0x20,
    0x20,0x20,0x61,0x55,0x56,0x20,0x3d,0x20,0x73,0x74,0x61,0x67,0x65,0x5f,0x69,0x6e,
    0x70,0x75,0x74,0x2e,0x61,0x55,0x56,0x3b,0x0a,0x20,0x20,0x20,0x20,0x61,0x43,0x6f,
    0x6c,0x6f,0x72,0x20,0x3d,0x20,0x73,0x74,0x61,0x67,0x65,0x5f,0x69,0x6e,0x70,0x75,
    0x74,0x2e,0x61,0x43,0x6f,0x6c,0x6f,0x72,0x3b,0x0a,0x20,0x20,0x20,0x20,0x61,0x46,
    0x6c,0x61,0x67,0x73,0x20,0x3d,0x20,0x73,0x74,0x61,0x67,0x65,0x5f,0x69,0x6e,0x70,
    0x75,0x74,0x2e,0x61,0x46,0x6c,0x61,0x67,0x73,0x3b,0x0a,0x20,0x20,0x20,0x20,0x76,
    0x65,0x72,0x74,0x5f,0x6d,0x61,0x69,0x6e,0x28,0x29,0x3b,0x0a,0x20,0x20,0x20,0x20,
    0x53,0x50,0x49,0x52,0x56,0x5f,0x43,0x72,0x6f,0x73,0x73,0x5f,0x4f,0x75,0x74,0x70,
    0x75,0x74,0x20,0x73,0x74,0x61,0x67,0x65,0x5f,0x6f,0x75,0x74,0x70,0x75,0x74,0x3b,
    0x0a,0x20,0x20,0x20,0x20,0x73,0x74,0x61,0x67,0x65,0x5f,0x6f,0x75,0x74,0x70,0x75,
    0x74,0x2e,0x67,0x6c,0x5f,0x50,0x6f,0x73,0x69,0x74,0x69,0x6f,0x6e,0x20,0x3d,0x20,
    0x67,0x6c,0x5f,0x50,0x6f,0x73,0x69,0x74,0x69,0x6f,0x6e,0x3b,0x0a,0x20,0x20,0x20,
    0x20,0x73,0x74,0x61,0x67,0x65,0x5f,0x6f,0x75,0x74,0x70,0x75,0x74,0x2e,0x76,0x55,
    0x56,0x20,0x3d,0x20,0x76,0x55,0x56,0x3b,0x0a,0x20,0x20,0x20,0x20,0x73,0x74,0x61,
    0x67,0x65,0x5f,0x6f,0x75,0x74,0x70,0x75,0x74,0x2e,0x76,0x43,0x6f,0x6c,0x6f,0x72,
    0x20,0x3d,0x20,0x76,0x43,0x6f,0x6c,0x6f,0x72,0x3b,0x0a,0x20,0x20,0x20,0x20,0x73,
    0x74,0x61,0x67,0x65,0x5f,0x6f,0x75,0x74,0x70,0x75,0x74,0x2e,0x76,0x49,0x73,0x47,
    0x6c,0x79,0x70,0x68,0x20,0x3d,0x20,0x76,0x49,0x73,0x47,0x6c,0x79,0x70,0x68,0x3b,
    0x0a,0x20,0x20,0x20,0x20,0x73,0x74,0x61,0x67,0x65,0x5f,0x6f,0x75,0x74,0x70,0x75,
    0x74,0x2e,0x76,0x52,0x61,0x64,0x69,0x75,0x73,0x20,0x3d,0x20,0x76,0x52,0x61,0x64,
    0x69,0x75,0x73,0x3b,0x0a,0x20,0x20,0x20,0x20,0x73,0x74,0x61,0x67,0x65,0x5f,0x6f,
    0x75,0x74,0x70,0x75,0x74,0x2e,0x76,0x53,0x68,0x61,0x70,0x65,0x20,0x3d,0x20,0x76,
    0x53,0x68,0x61,0x70,0x65,0x3b,0x0a,0x20,0x20,0x20,0x20,0x73,0x74,0x61,0x67,0x65,
    0x5f,0x6f,0x75,0x74,0x70,0x75,0x74,0x2e,0x76,0x48,0x61,0x6c,0x66,0x20,0x3d,0x20,
    0x76,0x48,0x61,0x6c,0x66,0x3b,0x0a,0x20,0x20,0x20,0x20,0x73,0x74,0x61,0x67,0x65,
    0x5f,0x6f,0x75,0x74,0x70,0x75,0x74,0x2e,0x76,0x4c,0x6f,0x63,0x61,0x6c,0x20,0x3d,
    0x20,0x76,0x4c,0x6f,0x63,0x61,0x6c,0x3b,0x0a,0x20,0x20,0x20,0x20,0x72,0x65,0x74,
    0x75,0x72,0x6e,0x20,0x73,0x74,0x61,0x67,0x65,0x5f,0x6f,0x75,0x74,0x70,0x75,0x74,
    0x3b,0x0a,0x7d,0x0a,0x00,
};
/*
    cbuffer cell_fs_params : register(b1)
    {
        float _897_uOpacity : packoffset(c0);
    };

    Texture2D<float4> uColorAtlas : register(t1);
    SamplerState uSmp : register(s0);
    Texture2D<float4> uAtlas : register(t0);

    static float vIsGlyph;
    static float vShape;
    static float2 vLocal;
    static float2 vHalf;
    static float4 frag;
    static float4 vColor;
    static float2 vUV;
    static float vRadius;

    struct SPIRV_Cross_Input
    {
        float2 vUV : TEXCOORD0;
        float4 vColor : TEXCOORD1;
        float vIsGlyph : TEXCOORD2;
        float vShape : TEXCOORD3;
        float2 vLocal : TEXCOORD4;
        float2 vHalf : TEXCOORD5;
        float vRadius : TEXCOORD6;
    };

    struct SPIRV_Cross_Output
    {
        float4 frag : SV_Target0;
    };

    float sd_triangle(float2 p, float2 a, float2 b, float2 c)
    {
        float2 _76 = b - a;
        float2 _80 = c - b;
        float2 _84 = a - c;
        float2 _88 = p - a;
        float2 _92 = p - b;
        float2 _96 = p - c;
        float2 _110 = _88 - (_76 * clamp(dot(_88, _76) / dot(_76, _76), 0.0f, 1.0f));
        float2 _123 = _92 - (_80 * clamp(dot(_92, _80) / dot(_80, _80), 0.0f, 1.0f));
        float2 _136 = _96 - (_84 * clamp(dot(_96, _84) / dot(_84, _84), 0.0f, 1.0f));
        float _139 = _76.x;
        float _141 = _84.y;
        float _144 = _76.y;
        float _146 = _84.x;
        float _149 = sign((_139 * _141) - (_144 * _146));
        float2 _203 = min(min(float2(dot(_110, _110), _149 * ((_88.x * _144) - (_88.y * _139))), float2(dot(_123, _123), _149 * ((_92.x * _80.y) - (_92.y * _80.x)))), float2(dot(_136, _136), _149 * ((_96.x * _141) - (_96.y * _146))));
        return (-sqrt(_203.x)) * sign(_203.y);
    }

    float sd_arc(float2 p, float2 ctr, float r, float hw, float2 quad)
    {
        float2 _244 = p - ctr;
        return max(abs(length(_244) - r) - hw, -min(quad.x * _244.x, quad.y * _244.y));
    }

    float sd_seg(float2 p, float2 a, float2 b, float hw)
    {
        float2 _217 = p - a;
        float2 _221 = b - a;
        return length(_217 - (_221 * clamp(dot(_217, _221) / dot(_221, _221), 0.0f, 1.0f))) - hw;
    }

    float sdf_shape(int sh, float2 p, float2 hf)
    {
        float _278 = min(hf.x, hf.y) * 0.5f;
        if (sh == 1)
        {
            float2 param = p;
            float2 param_1 = float2(-hf.x, -hf.y);
            float2 param_2 = float2(hf.x, 0.0f);
            float2 param_3 = float2(-hf.x, hf.y);
            return sd_triangle(param, param_1, param_2, param_3);
        }
        if (sh == 2)
        {
            float2 param_4 = p;
            float2 param_5 = float2(hf.x, -hf.y);
            float2 param_6 = float2(-hf.x, 0.0f);
            float2 param_7 = float2(hf.x, hf.y);
            return sd_triangle(param_4, param_5, param_6, param_7);
        }
        if (sh == 3)
        {
            float2 param_8 = p;
            float2 param_9 = float2(-hf.x, -hf.y);
            float2 param_10 = float2(hf.x, 0.0f);
            float2 param_11 = float2(-hf.x, hf.y);
            float2 param_12 = p;
            float2 param_13 = float2((-hf.x) + _278, (-hf.y) + _278);
            float2 param_14 = float2(hf.x - _278, 0.0f);
            float2 param_15 = float2((-hf.x) + _278, hf.y - _278);
            return max(sd_triangle(param_8, param_9, param_10, param_11), -sd_triangle(param_12, param_13, param_14, param_15));
        }
        if (sh == 4)
        {
            float2 param_16 = p;
            float2 param_17 = float2(hf.x, -hf.y);
            float2 param_18 = float2(-hf.x, 0.0f);
            float2 param_19 = float2(hf.x, hf.y);
            float2 param_20 = p;
            float2 param_21 = float2(hf.x - _278, (-hf.y) + _278);
            float2 param_22 = float2((-hf.x) + _278, 0.0f);
            float2 param_23 = float2(hf.x - _278, hf.y - _278);
            return max(sd_triangle(param_16, param_17, param_18, param_19), -sd_triangle(param_20, param_21, param_22, param_23));
        }
        float _468 = min(hf.x, hf.y) * 0.125f;
        float _474 = min(hf.x, hf.y);
        if (sh == 5)
        {
            float2 param_24 = p;
            float2 param_25 = float2(hf.x, hf.y);
            float param_26 = _474;
            float param_27 = _468;
            float2 param_28 = (-1.0f).xx;
            float2 param_29 = p;
            float2 param_30 = float2(0.0f, hf.y - _474);
            float2 param_31 = float2(hf.x, hf.y - _474);
            float param_32 = _468;
            float2 param_33 = p;
            float2 param_34 = float2(hf.x - _474, 0.0f);
            float2 param_35 = float2(hf.x - _474, hf.y);
            float param_36 = _468;
            return min(sd_arc(param_24, param_25, param_26, param_27, param_28), min(sd_seg(param_29, param_30, param_31, param_32), sd_seg(param_33, param_34, param_35, param_36)));
        }
        if (sh == 6)
        {
            float2 param_37 = p;
            float2 param_38 = float2(-hf.x, hf.y);
            float param_39 = _474;
            float param_40 = _468;
            float2 param_41 = float2(1.0f, -1.0f);
            float2 param_42 = p;
            float2 param_43 = float2(-hf.x, hf.y - _474);
            float2 param_44 = float2(0.0f, hf.y - _474);
            float param_45 = _468;
            float2 param_46 = p;
            float2 param_47 = float2((-hf.x) + _474, 0.0f);
            float2 param_48 = float2((-hf.x) + _474, hf.y);
            float param_49 = _468;
            return min(sd_arc(param_37, param_38, param_39, param_40, param_41), min(sd_seg(param_42, param_43, param_44, param_45), sd_seg(param_46, param_47, param_48, param_49)));
        }
        if (sh == 7)
        {
            float2 param_50 = p;
            float2 param_51 = float2(hf.x, -hf.y);
            float param_52 = _474;
            float param_53 = _468;
            float2 param_54 = float2(-1.0f, 1.0f);
            float2 param_55 = p;
            float2 param_56 = float2(0.0f, (-hf.y) + _474);
            float2 param_57 = float2(hf.x, (-hf.y) + _474);
            float param_58 = _468;
            float2 param_59 = p;
            float2 param_60 = float2(hf.x - _474, -hf.y);
            float2 param_61 = float2(hf.x - _474, 0.0f);
            float param_62 = _468;
            return min(sd_arc(param_50, param_51, param_52, param_53, param_54), min(sd_seg(param_55, param_56, param_57, param_58), sd_seg(param_59, param_60, param_61, param_62)));
        }
        if (sh == 8)
        {
            float2 param_63 = p;
            float2 param_64 = float2(-hf.x, -hf.y);
            float param_65 = _474;
            float param_66 = _468;
            float2 param_67 = 1.0f.xx;
            float2 param_68 = p;
            float2 param_69 = float2(-hf.x, (-hf.y) + _474);
            float2 param_70 = float2(0.0f, (-hf.y) + _474);
            float param_71 = _468;
            float2 param_72 = p;
            float2 param_73 = float2((-hf.x) + _474, -hf.y);
            float2 param_74 = float2((-hf.x) + _474, 0.0f);
            float param_75 = _468;
            return min(sd_arc(param_63, param_64, param_65, param_66, param_67), min(sd_seg(param_68, param_69, param_70, param_71), sd_seg(param_72, param_73, param_74, param_75)));
        }
        return 1.0f;
    }

    float sd_round_box(float2 p, float2 half_ext, float r)
    {
        float2 _53 = (abs(p) - half_ext) + r.xx;
        return (min(max(_53.x, _53.y), 0.0f) + length(max(_53, 0.0f.xx))) - r;
    }

    void frag_main()
    {
        if (vIsGlyph > 2.5f)
        {
            int param = int(vShape + 0.5f);
            float2 param_1 = vLocal;
            float2 param_2 = vHalf;
            float _790 = sdf_shape(param, param_1, param_2);
            float _793 = fwidth(_790);
            frag = float4(vColor.xyz, 1.0f - smoothstep((-9.9999997473787516355514526367188e-05f) - _793, _793 + 9.9999997473787516355514526367188e-05f, _790));
        }
        else
        {
            if (vIsGlyph > 1.5f)
            {
                frag = uColorAtlas.Sample(uSmp, vUV);
            }
            else
            {
                if (vIsGlyph > 0.5f)
                {
                    frag = float4(vColor.xyz, pow(uAtlas.Sample(uSmp, vUV).x, 1.0f / lerp(1.2000000476837158203125f, 1.60000002384185791015625f, dot(vColor.xyz, float3(0.2125999927520751953125f, 0.715200006961822509765625f, 0.072200000286102294921875f)))));
                }
                else
                {
                    if (vRadius > 0.0f)
                    {
                        float2 param_3 = vLocal;
                        float2 param_4 = vHalf;
                        float param_5 = vRadius;
                        frag = float4(vColor.xyz, ((1.0f - smoothstep(-0.75f, 0.75f, sd_round_box(param_3, param_4, param_5))) * _897_uOpacity) * vColor.w);
                    }
                    else
                    {
                        frag = float4(vColor.xyz, _897_uOpacity * vColor.w);
                    }
                }
            }
        }
    }

    SPIRV_Cross_Output main(SPIRV_Cross_Input stage_input)
    {
        vIsGlyph = stage_input.vIsGlyph;
        vShape = stage_input.vShape;
        vLocal = stage_input.vLocal;
        vHalf = stage_input.vHalf;
        vColor = stage_input.vColor;
        vUV = stage_input.vUV;
        vRadius = stage_input.vRadius;
        frag_main();
        SPIRV_Cross_Output stage_output;
        stage_output.frag = frag;
        return stage_output;
    }
*/
static const uint8_t cell_fs_source_hlsl5[8611] = {
    0x63,0x62,0x75,0x66,0x66,0x65,0x72,0x20,0x63,0x65,0x6c,0x6c,0x5f,0x66,0x73,0x5f,
    0x70,0x61,0x72,0x61,0x6d,0x73,0x20,0x3a,0x20,0x72,0x65,0x67,0x69,0x73,0x74,0x65,
    0x72,0x28,0x62,0x31,0x29,0x0a,0x7b,0x0a,0x20,0x20,0x20,0x20,0x66,0x6c,0x6f,0x61,
    0x74,0x20,0x5f,0x38,0x39,0x37,0x5f,0x75,0x4f,0x70,0x61,0x63,0x69,0x74,0x79,0x20,
    0x3a,0x20,0x70,0x61,0x63,0x6b,0x6f,0x66,0x66,0x73,0x65,0x74,0x28,0x63,0x30,0x29,
    0x3b,0x0a,0x7d,0x3b,0x0a,0x0a,0x54,0x65,0x78,0x74,0x75,0x72,0x65,0x32,0x44,0x3c,
    0x66,0x6c,0x6f,0x61,0x74,0x34,0x3e,0x20,0x75,0x43,0x6f,0x6c,0x6f,0x72,0x41,0x74,
    0x6c,0x61,0x73,0x20,0x3a,0x20,0x72,0x65,0x67,0x69,0x73,0x74,0x65,0x72,0x28,0x74,
    0x31,0x29,0x3b,0x0a,0x53,0x61,0x6d,0x70,0x6c,0x65,0x72,0x53,0x74,0x61,0x74,0x65,
    0x20,0x75,0x53,0x6d,0x70,0x20,0x3a,0x20,0x72,0x65,0x67,0x69,0x73,0x74,0x65,0x72,
    0x28,0x73,0x30,0x29,0x3b,0x0a,0x54,0x65,0x78,0x74,0x75,0x72,0x65,0x32,0x44,0x3c,
    0x66,0x6c,0x6f,0x61,0x74,0x34,0x3e,0x20,0x75,0x41,0x74,0x6c,0x61,0x73,0x20,0x3a,
    0x20,0x72,0x65,0x67,0x69,0x73,0x74,0x65,0x72,0x28,0x74,0x30,0x29,0x3b,0x0a,0x0a,
    0x73,0x74,0x61,0x74,0x69,0x63,0x20,0x66,0x6c,0x6f,0x61,0x74,0x20,0x76,0x49,0x73,
    0x47,0x6c,0x79,0x70,0x68,0x3b,0x0a,0x73,0x74,0x61,0x74,0x69,0x63,0x20,0x66,0x6c,
    0x6f,0x61,0x74,0x20,0x76,0x53,0x68,0x61,0x70,0x65,0x3b,0x0a,0x73,0x74,0x61,0x74,
    0x69,0x63,0x20,0x66,0x6c,0x6f,0x61,0x74,0x32,0x20,0x76,0x4c,0x6f,0x63,0x61,0x6c,
    0x3b,0x0a,0x73,0x74,0x61,0x74,0x69,0x63,0x20,0x66,0x6c,0x6f,0x61,0x74,0x32,0x20,
    0x76,0x48,0x61,0x6c,0x66,0x3b,0x0a,0x73,0x74,0x61,0x74,0x69,0x63,0x20,0x66,0x6c,
    0x6f,0x61,0x74,0x34,0x20,0x66,0x72,0x61,0x67,0x3b,0x0a,0x73,0x74,0x61,0x74,0x69,
    0x63,0x20,0x66,0x6c,0x6f,0x61,0x74,0x34,0x20,0x76,0x43,0x6f,0x6c,0x6f,0x72,0x3b,
    0x0a,0x73,0x74,0x61,0x74,0x69,0x63,0x20,0x66,0x6c,0x6f,0x61,0x74,0x32,0x20,0x76,
    0x55,0x56,0x3b,0x0a,0x73,0x74,0x61,0x74,0x69,0x63,0x20,0x66,0x6c,0x6f,0x61,0x74,
    0x20,0x76,0x52,0x61,0x64,0x69,0x75,0x73,0x3b,0x0a,0x0a,0x73,0x74,0x72,0x75,0x63,
    0x74,0x20,0x53,0x50,0x49,0x52,0x56,0x5f,0x43,0x72,0x6f,0x73,0x73,0x5f,0x49,0x6e,
    0x70,0x75,0x74,0x0a,0x7b,0x0a,0x20,0x20,0x20,0x20,0x66,0x6c,0x6f,0x61,0x74,0x32,
    0x20,0x76,0x55,0x56,0x20,0x3a,0x20,0x54,0x45,0x58,0x43,0x4f,0x4f,0x52,0x44,0x30,
    0x3b,0x0a,0x20,0x20,0x20,0x20,0x66,0x6c,0x6f,0x61,0x74,0x34,0x20,0x76,0x43,0x6f,
    0x6c,0x6f,0x72,0x20,0x3a,0x20,0x54,0x45,0x58,0x43,0x4f,0x4f,0x52,0x44,0x31,0x3b,
    0x0a,0x20,0x20,0x20,0x20,0x66,0x6c,0x6f,0x61,0x74,0x20,0x76,0x49,0x73,0x47,0x6c,
    0x79,0x70,0x68,0x20,0x3a,0x20,0x54,0x45,0x58,0x43,0x4f,0x4f,0x52,0x44,0x32,0x3b,
    0x0a,0x20,0x20,0x20,0x20,0x66,0x6c,0x6f,0x61,0x74,0x20,0x76,0x53,0x68,0x61,0x70,
    0x65,0x20,0x3a,0x20,0x54,0x45,0x58,0x43,0x4f,0x4f,0x52,0x44,0x33,0x3b,0x0a,0x20,
    0x20,0x20,0x20,0x66,0x6c,0x6f,0x61,0x74,0x32,0x20,0x76,0x4c,0x6f,0x63,0x61,0x6c,
    0x20,0x3a,0x20,0x54,0x45,0x58,0x43,0x4f,0x4f,0x52,0x44,0x34,0x3b,0x0a,0x20,0x20,
    0x20,0x20,0x66,0x6c,0x6f,0x61,0x74,0x32,0x20,0x76,0x48,0x61,0x6c,0x66,0x20,0x3a,
    0x20,0x54,0x45,0x58,0x43,0x4f,0x4f,0x52,0x44,0x35,0x3b,0x0a,0x20,0x20,0x20,0x20,
    0x66,0x6c,0x6f,0x61,0x74,0x20,0x76,0x52,0x61,0x64,0x69,0x75,0x73,0x20,0x3a,0x20,
    0x54,0x45,0x58,0x43,0x4f,0x4f,0x52,0x44,0x36,0x3b,0x0a,0x7d,0x3b,0x0a,0x0a,0x73,
    0x74,0x72,0x75,0x63,0x74,0x20,0x53,0x50,0x49,0x52,0x56,0x5f,0x43,0x72,0x6f,0x73,
    0x73,0x5f,0x4f,0x75,0x74,0x70,0x75,0x74,0x0a,0x7b,0x0a,0x20,0x20,0x20,0x20,0x66,
    0x6c,0x6f,0x61,0x74,0x34,0x20,0x66,0x72,0x61,0x67,0x20,0x3a,0x20,0x53,0x56,0x5f,
    0x54,0x61,0x72,0x67,0x65,0x74,0x30,0x3b,0x0a,0x7d,0x3b,0x0a,0x0a,0x66,0x6c,0x6f,
    0x61,0x74,0x20,0x73,0x64,0x5f,0x74,0x72,0x69,0x61,0x6e,0x67,0x6c,0x65,0x28,0x66,
    0x6c,0x6f,0x61,0x74,0x32,0x20,0x70,0x2c,0x20,0x66,0x6c,0x6f,0x61,0x74,0x32,0x20,
    0x61,0x2c,0x20,0x66,0x6c,0x6f,0x61,0x74,0x32,0x20,0x62,0x2c,0x20,0x66,0x6c,0x6f,
    0x61,0x74,0x32,0x20,0x63,0x29,0x0a,0x7b,0x0a,0x20,0x20,0x20,0x20,0x66,0x6c,0x6f,
    0x61,0x74,0x32,0x20,0x5f,0x37,0x36,0x20,0x3d,0x20,0x62,0x20,0x2d,0x20,0x61,0x3b,
    0x0a,0x20,0x20,0x20,0x20,0x66,0x6c,0x6f,0x61,0x74,0x32,0x20,0x5f,0x38,0x30,0x20,
    0x3d,0x20,0x63,0x20,0x2d,0x20,0x62,0x3b,0x0a,0x20,0x20,0x20,0x20,0x66,0x6c,0x6f,
    0x61,0x74,0x32,0x20,0x5f,0x38,0x34,0x20,0x3d,0x20,0x61,0x20,0x2d,0x20,0x63,0x3b,
    0x0a,0x20,0x20,0x20,0x20,0x66,0x6c,0x6f,0x61,0x74,0x32,0x20,0x5f,0x38,0x38,0x20,
    0x3d,0x20,0x70,0x20,0x2d,0x20,0x61,0x3b,0x0a,0x20,0x20,0x20,0x20,0x66,0x6c,0x6f,
    0x61,0x74,0x32,0x20,0x5f,0x39,0x32,0x20,0x3d,0x20,0x70,0x20,0x2d,0x20,0x62,0x3b,
    0x0a,0x20,0x20,0x20,0x20,0x66,0x6c,0x6f,0x61,0x74,0x32,0x20,0x5f,0x39,0x36,0x20,
    0x3d,0x20,0x70,0x20,0x2d,0x20,0x63,0x3b,0x0a,0x20,0x20,0x20,0x20,0x66,0x6c,0x6f,
    0x61,0x74,0x32,0x20,0x5f,0x31,0x31,0x30,0x20,0x3d,0x20,0x5f,0x38,0x38,0x20,0x2d,
    0x20,0x28,0x5f,0x37,0x36,0x20,0x2a,0x20,0x63,0x6c,0x61,0x6d,0x70,0x28,0x64,0x6f,
    0x74,0x28,0x5f,0x38,0x38,0x2c,0x20,0x5f,0x37,0x36,0x29,0x20,0x2f,0x20,0x64,0x6f,
    0x74,0x28,0x5f,0x37,0x36,0x2c,0x20,0x5f,0x37,0x36,0x29,0x2c,0x20,0x30,0x2e,0x30,
    0x66,0x2c,0x20,0x31,0x2e,0x30,0x66,0x29,0x29,0x3b,0x0a,0x20,0x20,0x20,0x20,0x66,
    0x6c,0x6f,0x61,0x74,0x32,0x20,0x5f,0x31,0x32,0x33,0x20,0x3d,0x20,0x5f,0x39,0x32,
    0x20,0x2d,0x20,0x28,0x5f,0x38,0x30,0x20,0x2a,0x20,0x63,0x6c,0x61,0x6d,0x70,0x28,
    0x64,0x6f,0x74,0x28,0x5f,0x39,0x32,0x2c,0x20,0x5f,0x38,0x30,0x29,0x20,0x2f,0x20,
    0x64,0x6f,0x74,0x28,0x5f,0x38,0x30,0x2c,0x20,0x5f,0x38,0x30,0x29,0x2c,0x20,0x30,
    0x2e,0x30,0x66,0x2c,0x20,0x31,0x2e,0x30,0x66,0x29,0x29,0x3b,0x0a,0x20,0x20,0x20,
    0x20,0x66,0x6c,0x6f,0x61,0x74,0x32,0x20,0x5f,0x31,0x33,0x36,0x20,0x3d,0x20,0x5f,
    0x39,0x36,0x20,0x2d,0x20,0x28,0x5f,0x38,0x34,0x20,0x2a,0x20,0x63,0x6c,0x61,0x6d,
    0x70,0x28,0x64,0x6f,0x74,0x28,0x5f,0x39,0x36,0x2c,0x20,0x5f,0x38,0x34,0x29,0x20,
    0x2f,0x20,0x64,0x6f,0x74,0x28,0x5f,0x38,0x34,0x2c,0x20,0x5f,0x38,0x34,0x29,0x2c,
    0x20,0x30,0x2e,0x30,0x66,0x2c,0x20,0x31,0x2e,0x30,0x66,0x29,0x29,0x3b,0x0a,0x20,
    0x20,0x20,0x20,0x66,0x6c,0x6f,0x61,0x74,0x20,0x5f,0x31,0x33,0x39,0x20,0x3d,0x20,
    0x5f,0x37,0x36,0x2e,0x78,0x3b,0x0a,0x20,0x20,0x20,0x20,0x66,0x6c,0x6f,0x61,0x74,
    0x20,0x5f,0x31,0x34,0x31,0x20,0x3d,0x20,0x5f,0x38,0x34,0x2e,0x79,0x3b,0x0a,0x20,
    0x20,0x20,0x20,0x66,0x6c,0x6f,0x61,0x74,0x20,0x5f,0x31,0x34,0x34,0x20,0x3d,0x20,
    0x5f,0x37,0x36,0x2e,0x79,0x3b,0x0a,0x20,0x20,0x20,0x20,0x66,0x6c,0x6f,0x61,0x74,
    0x20,0x5f,0x31,0x34,0x36,0x20,0x3d,0x20,0x5f,0x38,0x34,0x2e,0x78,0x3b,0x0a,0x20,
    0x20,0x20,0x20,0x66,0x6c,0x6f,0x61,0x74,0x20,0x5f,0x31,0x34,0x39,0x20,0x3d,0x20,
    0x73,0x69,0x67,0x6e,0x28,0x28,0x5f,0x31,0x33,0x39,0x20,0x2a,0x20,0x5f,0x31,0x34,
    0x31,0x29,0x20,0x2d,0x20,0x28,0x5f,0x31,0x34,0x34,0x20,0x2a,0x20,0x5f,0x31,0x34,
    0x36,0x29,0x29,0x3b,0x0a,0x20,0x20,0x20,0x20,0x66,0x6c,0x6f,0x61,0x74,0x32,0x20,
    0x5f,0x32,0x30,0x33,0x20,0x3d,0x20,0x6d,0x69,0x6e,0x28,0x6d,0x69,0x6e,0x28,0x66,
    0x6c,0x6f,0x61,0x74,0x32,0x28,0x64,0x6f,0x74,0x28,0x5f,0x31,0x31,0x30,0x2c,0x20,
    0x5f,0x31,0x31,0x30,0x29,0x2c,0x20,0x5f,0x31,0x34,0x39,0x20,0x2a,0x20,0x28,0x28,
    0x5f,0x38,0x38,0x2e,0x78,0x20,0x2a,0x20,0x5f,0x31,0x34,0x34,0x29,0x20,0x2d,0x20,
    0x28,0x5f,0x38,0x38,0x2e,0x79,0x20,0x2a,0x20,0x5f,0x31,0x33,0x39,0x29,0x29,0x29,
    0x2c,0x20,0x66,0x6c,0x6f,0x61,0x74,0x32,0x28,0x64,0x6f,0x74,0x28,0x5f,0x31,0x32,
    0x33,0x2c,0x20,0x5f,0x31,0x32,0x33,0x29,0x2c,0x20,0x5f,0x31,0x34,0x39,0x20,0x2a,
    0x20,0x28,0x28,0x5f,0x39,0x32,0x2e,0x78,0x20,0x2a,0x20,0x5f,0x38,0x30,0x2e,0x79,
    0x29,0x20,0x2d,0x20,0x28,0x5f,0x39,0x32,0x2e,0x79,0x20,0x2a,0x20,0x5f,0x38,0x30,
    0x2e,0x78,0x29,0x29,0x29,0x29,0x2c,0x20,0x66,0x6c,0x6f,0x61,0x74,0x32,0x28,0x64,
    0x6f,0x74,0x28,0x5f,0x31,0x33,0x36,0x2c,0x20,0x5f,0x31,0x33,0x36,0x29,0x2c,0x20,
    0x5f,0x31,0x34,0x39,0x20,0x2a,0x20,0x28,0x28,0x5f,0x39,0x36,0x2e,0x78,0x20,0x2a,
    0x20,0x5f,0x31,0x34,0x31,0x29,0x20,0x2d,0x20,0x28,0x5f,0x39,0x36,0x2e,0x79,0x20,
    0x2a,0x20,0x5f,0x31,0x34,0x36,0x29,0x29,0x29,0x29,0x3b,0x0a,0x20,0x20,0x20,0x20,
    0x72,0x65,0x74,0x75,0x72,0x6e,0x20,0x28,0x2d,0x73,0x71,0x72,0x74,0x28,0x5f,0x32,
    0x30,0x33,0x2e,0x78,0x29,0x29,0x20,0x2a,0x20,0x73,0x69,0x67,0x6e,0x28,0x5f,0x32,
    0x30,0x33,0x2e,0x79,0x29,0x3b,0x0a,0x7d,0x0a,0x0a,0x66,0x6c,0x6f,0x61,0x74,0x20,
    0x73,0x64,0x5f,0x61,0x72,0x63,0x28,0x66,0x6c,0x6f,0x61,0x74,0x32,0x20,0x70,0x2c,
    0x20,0x66,0x6c,0x6f,0x61,0x74,0x32,0x20,0x63,0x74,0x72,0x2c,0x20,0x66,0x6c,0x6f,
    0x61,0x74,0x20,0x72,0x2c,0x20,0x66,0x6c,0x6f,0x61,0x74,0x20,0x68,0x77,0x2c,0x20,
    0x66,0x6c,0x6f,0x61,0x74,0x32,0x20,0x71,0x75,0x61,0x64,0x29,0x0a,0x7b,0x0a,0x20,
    0x20,0x20,0x20,0x66,0x6c,0x6f,0x61,0x74,0x32,0x20,0x5f,0x32,0x34,0x34,0x20,0x3d,
    0x20,0x70,0x20,0x2d,0x20,0x63,0x74,0x72,0x3b,0x0a,0x20,0x20,0x20,0x20,0x72,0x65,
    0x74,0x75,0x72,0x6e,0x20,0x6d,0x61,0x78,0x28,0x61,0x62,0x73,0x28,0x6c,0x65,0x6e,
    0x67,0x74,0x68,0x28,0x5f,0x32,0x34,0x34,0x29,0x20,0x2d,0x20,0x72,0x29,0x20,0x2d,
    0x20,0x68,0x77,0x2c,0x20,0x2d,0x6d,0x69,0x6e,0x28,0x71,0x75,0x61,0x64,0x2e,0x78,
    0x20,0x2a,0x20,0x5f,0x32,0x34,0x34,0x2e,0x78,0x2c,0x20,0x71,0x75,0x61,0x64,0x2e,
    0x79,0x20,0x2a,0x20,0x5f,0x32,0x34,0x34,0x2e,0x79,0x29,0x29,0x3b,0x0a,0x7d,0x0a,
    0x0a,0x66,0x6c,0x6f,0x61,0x74,0x20,0x73,0x64,0x5f,0x73,0x65,0x67,0x28,0x66,0x6c,
    0x6f,0x61,0x74,0x32,0x20,0x70,0x2c,0x20,0x66,0x6c,0x6f,0x61,0x74,0x32,0x20,0x61,
    0x2c,0x20,0x66,0x6c,0x6f,0x61,0x74,0x32,0x20,0x62,0x2c,0x20,0x66,0x6c,0x6f,0x61,
    0x74,0x20,0x68,0x77,0x29,0x0a,0x7b,0x0a,0x20,0x20,0x20,0x20,0x66,0x6c,0x6f,0x61,
    0x74,0x32,0x20,0x5f,0x32,0x31,0x37,0x20,0x3d,0x20,0x70,0x20,0x2d,0x20,0x61,0x3b,
    0x0a,0x20,0x20,0x20,0x20,0x66,0x6c,0x6f,0x61,0x74,0x32,0x20,0x5f,0x32,0x32,0x31,
    0x20,0x3d,0x20,0x62,0x20,0x2d,0x20,0x61,0x3b,0x0a,0x20,0x20,0x20,0x20,0x72,0x65,
    0x74,0x75,0x72,0x6e,0x20,0x6c,0x65,0x6e,0x67,0x74,0x68,0x28,0x5f,0x32,0x31,0x37,
    0x20,0x2d,0x20,0x28,0x5f,0x32,0x32,0x31,0x20,0x2a,0x20,0x63,0x6c,0x61,0x6d,0x70,
    0x28,0x64,0x6f,0x74,0x28,0x5f,0x32,0x31,0x37,0x2c,0x20,0x5f,0x32,0x32,0x31,0x29,
    0x20,0x2f,0x20,0x64,0x6f,0x74,0x28,0x5f,0x32,0x32,0x31,0x2c,0x20,0x5f,0x32,0x32,
    0x31,0x29,0x2c,0x20,0x30,0x2e,0x30,0x66,0x2c,0x20,0x31,0x2e,0x30,0x66,0x29,0x29,
    0x29,0x20,0x2d,0x20,0x68,0x77,0x3b,0x0a,0x7d,0x0a,0x0a,0x66,0x6c,0x6f,0x61,0x74,
    0x20,0x73,0x64,0x66,0x5f,0x73,0x68,0x61,0x70,0x65,0x28,0x69,0x6e,0x74,0x20,0x73,
    0x68,0x2c,0x20,0x66,0x6c,0x6f,0x61,0x74,0x32,0x20,0x70,0x2c,0x20,0x66,0x6c,0x6f,
    0x61,0x74,0x32,0x20,0x68,0x66,0x29,0x0a,0x7b,0x0a,0x20,0x20,0x20,0x20,0x66,0x6c,
    0x6f,0x61,0x74,0x20,0x5f,0x32,0x37,0x38,0x20,0x3d,0x20,0x6d,0x69,0x6e,0x28,0x68,
    0x66,0x2e,0x78,0x2c,0x20,0x68,0x66,0x2e,0x79,0x29,0x20,0x2a,0x20,0x30,0x2e,0x35,
    0x66,0x3b,0x0a,0x20,0x20,0x20,0x20,0x69,0x66,0x20,0x28,0x73,0x68,0x20,0x3d,0x3d,
    0x20,0x31,0x29,0x0a,0x20,0x20,0x20,0x20,0x7b,0x0a,0x20,0x20,0x20,0x20,0x20,0x20,
    0x20,0x20,0x66,0x6c,0x6f,0x61,0x74,0x32,0x20,0x70,0x61,0x72,0x61,0x6d,0x20,0x3d,
    0x20,0x70,0x3b,0x0a,0x20,0x20,0x20,0x20,0x20,0x20,0x20,0x20,0x66,0x6c,0x6f,0x61,
    0x74,0x32,0x20,0x70,0x61,0x72,0x61,0x6d,0x5f,0x31,0x20,0x3d,0x20,0x66,0x6c,0x6f,
    0x61,0x74,0x32,0x28,0x2d,0x68,0x66,0x2e,0x78,0x2c,0x20,0x2d,0x68,0x66,0x2e,0x79,
    0x29,0x3b,0x0a,0x20,0x20,0x20,0x20,0x20,0x20,0x20,0x20,0x66,0x6c,0x6f,0x61,0x74,
    0x32,0x20,0x70,0x61,0x72,0x61,0x6d,0x5f,0x32,0x20,0x3d,0x20,0x66,0x6c,0x6f,0x61,
    0x74,0x32,0x28,0x68,0x66,0x2e,0x78,0x2c,0x20,0x30,0x2e,0x30,0x66,0x29,0x3b,0x0a,
    0x20,0x20,0x20,0x20,0x20,0x20,0x20,0x20,0x66,0x6c,0x6f,0x61,0x74,0x32,0x20,0x70,
    0x61,0x72,0x61,0x6d,0x5f,0x33,0x20,0x3d,0x20,0x66,0x6c,0x6f,0x61,0x74,0x32,0x28,
    0x2d,0x68,0x66,0x2e,0x78,0x2c,0x20,0x68,0x66,0x2e,0x79,0x29,0x3b,0x0a,0x20,0x20,
    0x20,0x20,0x20,0x20,0x20,0x20,0x72,0x65,0x74,0x75,0x72,0x6e,0x20,0x73,0x64,0x5f,
    0x74,0x72,0x69,0x61,0x6e,0x67,0x6c,0x65,0x28,0x70,0x61,0x72,0x61,0x6d,0x2c,0x20,
    0x70,0x61,0x72,0x61,0x6d,0x5f,0x31,0x2c,0x20,0x70,0x61,0x72,0x61,0x6d,0x5f,0x32,
    0x2c,0x20,0x70,0x61,0x72,0x61,0x6d,0x5f,0x33,0x29,0x3b,0x0a,0x20,0x20,0x20,0x20,
    0x7d,0x0a,0x20,0x20,0x20,0x20,0x69,0x66,0x20,0x28,0x73,0x68,0x20,0x3d,0x3d,0x20,
    0x32,0x29,0x0a,0x20,0x20,0x20,0x20,0x7b,0x0a,0x20,0x20,0x20,0x20,0x20,0x20,0x20,
    0x20,0x66,0x6c,0x6f,0x61,0x74,0x32,0x20,0x70,0x61,0x72,0x61,0x6d,0x5f,0x34,0x20,
    0x3d,0x20,0x70,0x3b,0x0a,0x20,0x20,0x20,0x20,0x20,0x20,0x20,0x20,0x66,0x6c,0x6f,
    0x61,0x74,0x32,0x20,0x70,0x61,0x72,0x61,0x6d,0x5f,0x35,0x20,0x3d,0x20,0x66,0x6c,
    0x6f,0x61,0x74,0x32,0x28,0x68,0x66,0x2e,0x78,0x2c,0x20,0x2d,0x68,0x66,0x2e,0x79,
    0x29,0x3b,0x0a,0x20,0x20,0x20,0x20,0x20,0x20,0x20,0x20,0x66,0x6c,0x6f,0x61,0x74,
    0x32,0x20,0x70,0x61,0x72,0x61,0x6d,0x5f,0x36,0x20,0x3d,0x20,0x66,0x6c,0x6f,0x61,
    0x74,0x32,0x28,0x2d,0x68,0x66,0x2e,0x78,0x2c,0x20,0x30,0x2e,0x30,0x66,0x29,0x3b,
    0x0a,0x20,0x20,0x20,0x20,0x20,0x20,0x20,0x20,0x66,0x6c,0x6f,0x61,0x74,0x32,0x20,
    0x70,0x61,0x72,0x61,0x6d,0x5f,0x37,0x20,0x3d,0x20,0x66,0x6c,0x6f,0x61,0x74,0x32,
    0x28,0x68,0x66,0x2e,0x78,0x2c,0x20,0x68,0x66,0x2e,0x79,0x29,0x3b,0x0a,0x20,0x20,
    0x20,0x20,0x20,0x20,0x20,0x20,0x72,0x65,0x74,0x75,0x72,0x6e,0x20,0x73,0x64,0x5f,
    0x74,0x72,0x69,0x61,0x6e,0x67,0x6c,0x65,0x28,0x70,0x61,0x72,0x61,0x6d,0x5f,0x34,
    0x2c,0x20,0x70,0x61,0x72,0x61,0x6d,0x5f,0x35,0x2c,0x20,0x70,0x61,0x72,0x61,0x6d,
    0x5f,0x36,0x2c,0x20,0x70,0x61,0x72,0x61,0x6d,0x5f,0x37,0x29,0x3b,0x0a,0x20,0x20,
    0x20,0x20,0x7d,0x0a,0x20,0x20,0x20,0x20,0x69,0x66,0x20,0x28,0x73,0x68,0x20,0x3d,
    0x3d,0x20,0x33,0x29,0x0a,0x20,0x20,0x20,0x20,0x7b,0x0a,0x20,0x20,0x20,0x20,0x20,
    0x20,0x20,0x20,0x66,0x6c,0x6f,0x61,0x74,0x32,0x20,0x70,0x61,0x72,0x61,0x6d,0x5f,
    0x38,0x20,0x3d,0x20,0x70,0x3b,0x0a,0x20,0x20,0x20,0x20,0x20,0x20,0x20,0x20,0x66,
    0x6c,0x6f,0x61,0x74,0x32,0x20,0x70,0x61,0x72,0x61,0x6d,0x5f,0x39,0x20,0x3d,0x20,
    0x66,0x6c,0x6f,0x61,0x74,0x32,0x28,0x2d,0x68,0x66,0x2e,0x78,0x2c,0x20,0x2d,0x68,
    0x66,0x2e,0x79,0x29,0x3b,0x0a,0x20,0x20,0x20,0x20,0x20,0x20,0x20,0x20,0x66,0x6c,
    0x6f,0x61,0x74,0x32,0x20,0x70,0x61,0x72,0x61,0x6d,0x5f,0x31,0x30,0x20,0x3d,0x20,
    0x66,0x6c,0x6f,0x61,0x74,0x32,0x28,0x68,0x66,0x2e,0x78,0x2c,0x20,0x30,0x2e,0x30,
    0x66,0x29,0x3b,0x0a,0x20,0x20,0x20,0x20,0x20,0x20,0x20,0x20,0x66,0x6c,0x6f,0x61,
    0x74,0x32,0x20,0x70,0x61,0x72,0x61,0x6d,0x5f,0x31,0x31,0x20,0x3d,0x20,0x66,0x6c,
    0x6f,0x61,0x74,0x32,0x28,0x2d,0x68,0x66,0x2e,0x78,0x2c,0x20,0x68,0x66,0x2e,0x79,
    0x29,0x3b,0x0a,0x20,0x20,0x20,0x20,0x20,0x20,0x20,0x20,0x66,0x6c,0x6f,0x61,0x74,
    0x32,0x20,0x70,0x61,0x72,0x61,0x6d,0x5f,0x31,0x32,0x20,0x3d,0x20,0x70,0x3b,0x0a,
    0x20,0x20,0x20,0x20,0x20,0x20,0x20,0x20,0x66,0x6c,0x6f,0x61,0x74,0x32,0x20,0x70,
    0x61,0x72,0x61,0x6d,0x5f,0x31,0x33,0x20,0x3d,0x20,0x66,0x6c,0x6f,0x61,0x74,0x32,
    0x28,0x28,0x2d,0x68,0x66,0x2e,0x78,0x29,0x20,0x2b,0x20,0x5f,0x32,0x37,0x38,0x2c,
    0x20,0x28,0x2d,0x68,0x66,0x2e,0x79,0x29,0x20,0x2b,0x20,0x5f,0x32,0x37,0x38,0x29,
    0x3b,0x0a,0x20,0x20,0x20,0x20,0x20,0x20,0x20,0x20,0x66,0x6c,0x6f,0x61,0x74,0x32,
    0x20,0x70,0x61,0x72,0x61,0x6d,0x5f,0x31,0x34,0x20,0x3d,0x20,0x66,0x6c,0x6f,0x61,
    0x74,0x32,0x28,0x68,0x66,0x2e,0x78,0x20,0x2d,0x20,0x5f,0x32,0x37,0x38,0x2c,0x20,
    0x30,0x2e,0x30,0x66,0x29,0x3b,0x0a,0x20,0x20,0x20,0x20,0x20,0x20,0x20,0x20,0x66,
    0x6c,0x6f,0x61,0x74,0x32,0x20,0x70,0x61,0x72,0x61,0x6d,0x5f,0x31,0x35,0x20,0x3d,
    0x20,0x66,0x6c,0x6f,0x61,0x74,0x32,0x28,0x28,0x2d,0x68,0x66,0x2e,0x78,0x29,0x20,
    0x2b,0x20,0x5f,0x32,0x37,0x38,0x2c,0x20,0x68,0x66,0x2e,0x79,0x20,0x2d,0x20,0x5f,
    0x32,0x37,0x38,0x29,0x3b,0x0a,0x20,0x20,0x20,0x20,0x20,0x20,0x20,0x20,0x72,0x65,
    0x74,0x75,0x72,0x6e,0x20,0x6d,0x61,0x78,0x28,0x73,0x64,0x5f,0x74,0x72,0x69,0x61,
    0x6e,0x67,0x6c,0x65,0x28,0x70,0x61,0x72,0x61,0x6d,0x5f,0x38,0x2c,0x20,0x70,0x61,
    0x72,0x61,0x6d,0x5f,0x39,0x2c,0x20,0x70,0x61,0x72,0x61,0x6d,0x5f,0x31,0x30,0x2c,
    0x20,0x70,0x61,0x72,0x61,0x6d,0x5f,0x31,0x31,0x29,0x2c,0x20,0x2d,0x73,0x64,0x5f,
    0x74,0x72,0x69,0x61,0x6e,0x67,0x6c,0x65,0x28,0x70,0x61,0x72,0x61,0x6d,0x5f,0x31,
    0x32,0x2c,0x20,0x70,0x61,0x72,0x61,0x6d,0x5f,0x31,0x33,0x2c,0x20,0x70,0x61,0x72,
    0x61,0x6d,0x5f,0x31,0x34,0x2c,0x20,0x70,0x61,0x72,0x61,0x6d,0x5f,0x31,0x35,0x29,
    0x29,0x3b,0x0a,0x20,0x20,0x20,0x20,0x7d,0x0a,0x20,0x20,0x20,0x20,0x69,0x66,0x20,
    0x28,0x73,0x68,0x20,0x3d,0x3d,0x20,0x34,0x29,0x0a,0x20,0x20,0x20,0x20,0x7b,0x0a,
    0x20,0x20,0x20,0x20,0x20,0x20,0x20,0x20,0x66,0x6c,0x6f,0x61,0x74,0x32,0x20,0x70,
    0x61,0x72,0x61,0x6d,0x5f,0x31,0x36,0x20,0x3d,0x20,0x70,0x3b,0x0a,0x20,0x20,0x20,
    0x20,0x20,0x20,0x20,0x20,0x66,0x6c,0x6f,0x61,0x74,0x32,0x20,0x70,0x61,0x72,0x61,
    0x6d,0x5f,0x31,0x37,0x20,0x3d,0x20,0x66,0x6c,0x6f,0x61,0x74,0x32,0x28,0x68,0x66,
    0x2e,0x78,0x2c,0x20,0x2d,0x68,0x66,0x2e,0x79,0x29,0x3b,0x0a,0x20,0x20,0x20,0x20,
    0x20,0x20,0x20,0x20,0x66,0x6c,0x6f,0x61,0x74,0x32,0x20,0x70,0x61,0x72,0x61,0x6d,
    0x5f,0x31,0x38,0x20,0x3d,0x20,0x66,0x6c,0x6f,0x61,0x74,0x32,0x28,0x2d,0x68,0x66,
    0x2e,0x78,0x2c,0x20,0x30,0x2e,0x30,0x66,0x29,0x3b,0x0a,0x20,0x20,0x20,0x20,0x20,
    0x20,0x20,0x20,0x66,0x6c,0x6f,0x61,0x74,0x32,0x20,0x70,0x61,0x72,0x61,0x6d,0x5f,
    0x31,0x39,0x20,0x3d,0x20,0x66,0x6c,0x6f,0x61,0x74,0x32,0x28,0x68,0x66,0x2e,0x78,
    0x2c,0x20,0x68,0x66,0x2e,0x79,0x29,0x3b,0x0a,0x20,0x20,0x20,0x20,0x20,0x20,0x20,
    0x20,0x66,0x6c,0x6f,0x61,0x74,0x32,0x20,0x70,0x61,0x72,0x61,0x6d,0x5f,0x32,0x30,
    0x20,0x3d,0x20,0x70,0x3b,0x0a,0x20,0x20,0x20,0x20,0x20,0x20,0x20,0x20,0x66,0x6c,
    0x6f,0x61,0x74,0x32,0x20,0x70,0x61,0x72,0x61,0x6d,0x5f,0x32,0x31,0x20,0x3d,0x20,
    0x66,0x6c,0x6f,0x61,0x74,0x32,0x28,0x68,0x66,0x2e,0x78,0x20,0x2d,0x20,0x5f,0x32,
    0x37,0x38,0x2c,0x20,0x28,0x2d,0x68,0x66,0x2e,0x79,0x29,0x20,0x2b,0x20,0x5f,0x32,
    0x37,0x38,0x29,0x3b,0x0a,0x20,0x20,0x20,0x20,0x20,0x20,0x20,0x20,0x66,0x6c,0x6f,
    0x61,0x74,0x32,0x20,0x70,0x61,0x72,0x61,0x6d,0x5f,0x32,0x32,0x20,0x3d,0x20,0x66,
    0x6c,0x6f,0x61,0x74,0x32,0x28,0x28,0x2d,0x68,0x66,0x2e,0x78,0x29,0x20,0x2b,0x20,
    0x5f,0x32,0x37,0x38,0x2c,0x20,0x30,0x2e,0x30,0x66,0x29,0x3b,0x0a,0x20,0x20,0x20,
    0x20,0x20,0x20,0x20,0x20,0x66,0x6c,0x6f,0x61,0x74,0x32,0x20,0x70,0x61,0x72,0x61,
    0x6d,0x5f,0x32,0x33,0x20,0x3d,0x20,0x66,0x6c,0x6f,0x61,0x74,0x32,0x28,0x68,0x66,
    0x2e,0x78,0x20,0x2d,0x20,0x5f,0x32,0x37,0x38,0x2c,0x20,0x68,0x66,0x2e,0x79,0x20,
    0x2d,0x20,0x5f,0x32,0x37,0x38,0x29,0x3b,0x0a,0x20,0x20,0x20,0x20,0x20,0x20,0x20,
    0x20,0x72,0x65,0x74,0x75,0x72,0x6e,0x20,0x6d,0x61,0x78,0x28,0x73,0x64,0x5f,0x74,
    0x72,0x69,0x61,0x6e,0x67,0x6c,0x65,0x28,0x70,0x61,0x72,0x61,0x6d,0x5f,0x31,0x36,
    0x2c,0x20,0x70,0x61,0x72,0x61,0x6d,0x5f,0x31,0x37,0x2c,0x20,0x70,0x61,0x72,0x61,
    0x6d,0x5f,0x31,0x38,0x2c,0x20,0x70,0x61,0x72,0x61,0x6d,0x5f,0x31,0x39,0x29,0x2c,
    0x20,0x2d,0x73,0x64,0x5f,0x74,0x72,0x69,0x61,0x6e,0x67,0x6c,0x65,0x28,0x70,0x61,
    0x72,0x61,0x6d,0x5f,0x32,0x30,0x2c,0x20,0x70,0x61,0x72,0x61,0x6d,0x5f,0x32,0x31,
    0x2c,0x20,0x70,0x61,0x72,0x61,0x6d,0x5f,0x32,0x32,0x2c,0x20,0x70,0x61,0x72,0x61,
    0x6d,0x5f,0x32,0x33,0x29,0x29,0x3b,0x0a,0x20,0x20,0x20,0x20,0x7d,0x0a,0x20,0x20,
    0x20,0x20,0x66,0x6c,0x6f,0x61,0x74,0x20,0x5f,0x34,0x36,0x38,0x20,0x3d,0x20,0x6d,
    0x69,0x6e,0x28,0x68,0x66,0x2e,0x78,0x2c,0x20,0x68,0x66,0x2e,0x79,0x29,0x20,0x2a,
    0x20,0x30,0x2e,0x31,0x32,0x35,0x66,0x3b,0x0a,0x20,0x20,0x20,0x20,0x66,0x6c,0x6f,
    0x61,0x74,0x20,0x5f,0x34,0x37,0x34,0x20,0x3d,0x20,0x6d,0x69,0x6e,0x28,0x68,0x66,
    0x2e,0x78,0x2c,0x20,0x68,0x66,0x2e,0x79,0x29,0x3b,0x0a,0x20,0x20,0x20,0x20,0x69,
    0x66,0x20,0x28,0x73,0x68,0x20,0x3d,0x3d,0x20,0x35,0x29,0x0a,0x20,0x20,0x20,0x20,
    0x7b,0x0a,0x20,0x20,0x20,0x20,0x20,0x20,0x20,0x20,0x66,0x6c,0x6f,0x61,0x74,0x32,
    0x20,0x70,0x61,0x72,0x61,0x6d,0x5f,0x32,0x34,0x20,0x3d,0x20,0x70,0x3b,0x0a,0x20,
    0x20,0x20,0x20,0x20,0x20,0x20,0x20,0x66,0x6c,0x6f,0x61,0x74,0x32,0x20,0x70,0x61,
    0x72,0x61,0x6d,0x5f,0x32,0x35,0x20,0x3d,0x20,0x66,0x6c,0x6f,0x61,0x74,0x32,0x28,
    0x68,0x66,0x2e,0x78,0x2c,0x20,0x68,0x66,0x2e,0x79,0x29,0x3b,0x0a,0x20,0x20,0x20,
    0x20,0x20,0x20,0x20,0x20,0x66,0x6c,0x6f,0x61,0x74,0x20,0x70,0x61,0x72,0x61,0x6d,
    0x5f,0x32,0x36,0x20,0x3d,0x20,0x5f,0x34,0x37,0x34,0x3b,0x0a,0x20,0x20,0x20,0x20,
    0x20,0x20,0x20,0x20,0x66,0x6c,0x6f,0x61,0x74,0x20,0x70,0x61,0x72,0x61,0x6d,0x5f,
    0x32,0x37,0x20,0x3d,0x20,0x5f,0x34,0x36,0x38,0x3b,0x0a,0x20,0x20,0x20,0x20,0x20,
    0x20,0x20,0x20,0x66,0x6c,0x6f,0x61,0x74,0x32,0x20,0x70,0x61,0x72,0x61,0x6d,0x5f,
    0x32,0x38,0x20,0x3d,0x20,0x28,0x2d,0x31,0x2e,0x30,0x66,0x29,0x2e,0x78,0x78,0x3b,
    0x0a,0x20,0x20,0x20,0x20,0x20,0x20,0x20,0x20,0x66,0x6c,0x6f,0x61,0x74,0x32,0x20,
    0x70,0x61,0x72,0x61,0x6d,0x5f,0x32,0x39,0x20,0x3d,0x20,0x70,0x3b,0x0a,0x20,0x20,
    0x20,0x20,0x20,0x20,0x20,0x20,0x66,0x6c,0x6f,0x61,0x74,0x32,0x20,0x70,0x61,0x72,
    0x61,0x6d,0x5f,0x33,0x30,0x20,0x3d,0x20,0x66,0x6c,0x6f,0x61,0x74,0x32,0x28,0x30,
    0x2e,0x30,0x66,0x2c,0x20,0x68,0x66,0x2e,0x79,0x20,0x2d,0x20,0x5f,0x34,0x37,0x34,
    0x29,0x3b,0x0a,0x20,0x20,0x20,0x20,0x20,0x20,0x20,0x20,0x66,0x6c,0x6f,0x61,0x74,
    0x32,0x20,0x70,0x61,0x72,0x61,0x6d,0x5f,0x33,0x31,0x20,0x3d,0x20,0x66,0x6c,0x6f,
    0x61,0x74,0x32,0x28,0x68,0x66,0x2e,0x78,0x2c,0x20,0x68,0x66,0x2e,0x79,0x20,0x2d,
    0x20,0x5f,0x34,0x37,0x34,0x29,0x3b,0x0a,0x20,0x20,0x20,0x20,0x20,0x20,0x20,0x20,
    0x66,0x6c,0x6f,0x61,0x74,0x20,0x70,0x61,0x72,0x61,0x6d,0x5f,0x33,0x32,0x20,0x3d,
    0x20,0x5f,0x34,0x36,0x38,0x3b,0x0a,0x20,0x20,0x20,0x20,0x20,0x20,0x20,0x20,0x66,
    0x6c,0x6f,0x61,0x74,0x32,0x20,0x70,0x61,0x72,0x61,0x6d,0x5f,0x33,0x33,0x20,0x3d,
    0x20,0x70,0x3b,0x0a,0x20,0x20,0x20,0x20,0x20,0x20,0x20,0x20,0x66,0x6c,0x6f,0x61,
    0x74,0x32,0x20,0x70,0x61,0x72,0x61,0x6d,0x5f,0x33,0x34,0x20,0x3d,0x20,0x66,0x6c,
    0x6f,0x61,0x74,0x32,0x28,0x68,0x66,0x2e,0x78,0x20,0x2d,0x20,0x5f,0x34,0x37,0x34,
    0x2c,0x20,0x30,0x2e,0x30,0x66,0x29,0x3b,0x0a,0x20,0x20,0x20,0x20,0x20,0x20,0x20,
    0x20,0x66,0x6c,0x6f,0x61,0x74,0x32,0x20,0x70,0x61,0x72,0x61,0x6d,0x5f,0x33,0x35,
    0x20,0x3d,0x20,0x66,0x6c,0x6f,0x61,0x74,0x32,0x28,0x68,0x66,0x2e,0x78,0x20,0x2d,
    0x20,0x5f,0x34,0x37,0x34,0x2c,0x20,0x68,0x66,0x2e,0x79,0x29,0x3b,0x0a,0x20,0x20,
    0x20,0x20,0x20,0x20,0x20,0x20,0x66,0x6c,0x6f,0x61,0x74,0x20,0x70,0x61,0x72,0x61,
    0x6d,0x5f,0x33,0x36,0x20,0x3d,0x20,0x5f,0x34,0x36,0x38,0x3b,0x0a,0x20,0x20,0x20,
    0x20,0x20,0x20,0x20,0x20,0x72,0x65,0x74,0x75,0x72,0x6e,0x20,0x6d,0x69,0x6e,0x28,
    0x73,0x64,0x5f,0x61,0x72,0x63,0x28,0x70,0x61,0x72,0x61,0x6d,0x5f,0x32,0x34,0x2c,
    0x20,0x70,0x61,0x72,0x61,0x6d,0x5f,0x32,0x35,0x2c,0x20,0x70,0x61,0x72,0x61,0x6d,
    0x5f,0x32,0x36,0x2c,0x20,0x70,0x61,0x72,0x61,0x6d,0x5f,0x32,0x37,0x2c,0x20,0x70,
    0x61,0x72,0x61,0x6d,0x5f,0x32,0x38,0x29,0x2c,0x20,0x6d,0x69,0x6e,0x28,0x73,0x64,
    0x5f,0x73,0x65,0x67,0x28,0x70,0x61,0x72,0x61,0x6d,0x5f,0x32,0x39,0x2c,0x20,0x70,
    0x61,0x72,0x61,0x6d,0x5f,0x33,0x30,0x2c,0x20,0x70,0x61,0x72,0x61,0x6d,0x5f,0x33,
    0x31,0x2c,0x20,0x70,0x61,0x72,0x61,0x6d,0x5f,0x33,0x32,0x29,0x2c,0x20,0x73,0x64,
    0x5f,0x73,0x65,0x67,0x28,0x70,0x61,0x72,0x61,0x6d,0x5f,0x33,0x33,0x2c,0x20,0x70,
    0x61,0x72,0x61,0x6d,0x5f,0x33,0x34,0x2c,0x20,0x70,0x61,0x72,0x61,0x6d,0x5f,0x33,
    0x35,0x2c,0x20,0x70,0x61,0x72,0x61,0x6d,0x5f,0x33,0x36,0x29,0x29,0x29,0x3b,0x0a,
    0x20,0x20,0x20,0x20,0x7d,0x0a,0x20,0x20,0x20,0x20,0x69,0x66,0x20,0x28,0x73,0x68,
    0x20,0x3d,0x3d,0x20,0x36,0x29,0x0a,0x20,0x20,0x20,0x20,0x7b,0x0a,0x20,0x20,0x20,
    0x20,0x20,0x20,0x20,0x20,0x66,0x6c,0x6f,0x61,0x74,0x32,0x20,0x70,0x61,0x72,0x61,
    0x6d,0x5f,0x33,0x37,0x20,0x3d,0x20,0x70,0x3b,0x0a,0x20,0x20,0x20,0x20,0x20,0x20,
    0x20,0x20,0x66,0x6c,0x6f,0x61,0x74,0x32,0x20,0x70,0x61,0x72,0x61,0x6d,0x5f,0x33,
    0x38,0x20,0x3d,0x20,0x66,0x6c,0x6f,0x61,0x74,0x32,0x28,0x2d,0x68,0x66,0x2e,0x78,
    0x2c,0x20,0x68,0x66,0x2e,0x79,0x29,0x3b,0x0a,0x20,0x20,0x20,0x20,0x20,0x20,0x20,
    0x20,0x66,0x6c,0x6f,0x61,0x74,0x20,0x70,0x61,0x72,0x61,0x6d,0x5f,0x33,0x39,0x20,
    0x3d,0x20,0x5f,0x34,0x37,0x34,0x3b,0x0a,0x20,0x20,0x20,0x20,0x20,0x20,0x20,0x20,
    0x66,0x6c,0x6f,0x61,0x74,0x20,0x70,0x61,0x72,0x61,0x6d,0x5f,0x34,0x30,0x20,0x3d,
    0x20,0x5f,0x34,0x36,0x38,0x3b,0x0a,0x20,0x20,0x20,0x20,0x20,0x20,0x20,0x20,0x66,
    0x6c,0x6f,0x61,0x74,0x32,0x20,0x70,0x61,0x72,0x61,0x6d,0x5f,0x34,0x31,0x20,0x3d,
    0x20,0x66,0x6c,0x6f,0x61,0x74,0x32,0x28,0x31,0x2e,0x30,0x66,0x2c,0x20,0x2d,0x31,
    0x2e,0x30,0x66,0x29,0x3b,0x0a,0x20,0x20,0x20,0x20,0x20,0x20,0x20,0x20,0x66,0x6c,
    0x6f,0x61,0x74,0x32,0x20,0x70,0x61,0x72,0x61,0x6d,0x5f,0x34,0x32,0x20,0x3d,0x20,
    0x70,0x3b,0x0a,0x20,0x20,0x20,0x20,0x20,0x20,0x20,0x20,0x66,0x6c,0x6f,0x61,0x74,
    0x32,0x20,0x70,0x61,0x72,0x61,0x6d,0x5f,0x34,0x33,0x20,0x3d,0x20,0x66,0x6c,0x6f,
    0x61,0x74,0x32,0x28,0x2d,0x68,0x66,0x2e,0x78,0x2c,0x20,0x68,0x66,0x2e,0x79,0x20,
    0x2d,0x20,0x5f,0x34,0x37,0x34,0x29,0x3b,0x0a,0x20,0x20,0x20,0x20,0x20,0x20,0x20,
    0x20,0x66,0x6c,0x6f,0x61,0x74,0x32,0x20,0x70,0x61,0x72,0x61,0x6d,0x5f,0x34,0x34,
    0x20,0x3d,0x20,0x66,0x6c,0x6f,0x61,0x74,0x32,0x28,0x30,0x2e,0x30,0x66,0x2c,0x20,
    0x68,0x66,0x2e,0x79,0x20,0x2d,0x20,0x5f,0x34,0x37,0x34,0x29,0x3b,0x0a,0x20,0x20,
    0x20,0x20,0x20,0x20,0x20,0x20,0x66,0x6c,0x6f,0x61,0x74,0x20,0x70,0x61,0x72,0x61,
    0x6d,0x5f,0x34,0x35,0x20,0x3d,0x20,0x5f,0x34,0x36,0x38,0x3b,0x0a,0x20,0x20,0x20,
    0x20,0x20,0x20,0x20,0x20,0x66,0x6c,0x6f,0x61,0x74,0x32,0x20,0x70,0x61,0x72,0x61,
    0x6d,0x5f,0x34,0x36,0x20,0x3d,0x20,0x70,0x3b,0x0a,0x20,0x20,0x20,0x20,0x20,0x20,
    0x20,0x20,0x66,0x6c,0x6f,0x61,0x74,0x32,0x20,0x70,0x61,0x72,0x61,0x6d,0x5f,0x34,
    0x37,0x20,0x3d,0x20,0x66,0x6c,0x6f,0x61,0x74,0x32,0x28,0x28,0x2d,0x68,0x66,0x2e,
    0x78,0x29,0x20,0x2b,0x20,0x5f,0x34,0x37,0x34,0x2c,0x20,0x30,0x2e,0x30,0x66,0x29,
    0x3b,0x0a,0x20,0x20,0x20,0x20,0x20,0x20,0x20,0x20,0x66,0x6c,0x6f,0x61,0x74,0x32,
    0x20,0x70,0x61,0x72,0x61,0x6d,0x5f,0x34,0x38,0x20,0x3d,0x20,0x66,0x6c,0x6f,0x61,
    0x74,0x32,0x28,0x28,0x2d,0x68,0x66,0x2e,0x78,0x29,0x20,0x2b,0x20,0x5f,0x34,0x37,
    0x34,0x2c,0x20,0x68,0x66,0x2e,0x79,0x29,0x3b,0x0a,0x20,0x20,0x20,0x20,0x20,0x20,
    0x20,0x20,0x66,0x6c,0x6f,0x61,0x74,0x20,0x70,0x61,0x72,0x61,0x6d,0x5f,0x34,0x39,
    0x20,0x3d,0x20,0x5f,0x34,0x36,0x38,0x3b,0x0a,0x20,0x20,0x20,0x20,0x20,0x20,0x20,
    0x20,0x72,0x65,0x74,0x75,0x72,0x6e,0x20,0x6d,0x69,0x6e,0x28,0x73,0x64,0x5f,0x61,
    0x72,0x63,0x28,0x70,0x61,0x72,0x61,0x6d,0x5f,0x33,0x37,0x2c,0x20,0x70,0x61,0x72,
    0x61,0x6d,0x5f,0x33,0x38,0x2c,0x20,0x70,0x61,0x72,0x61,0x6d,0x5f,0x33,0x39,0x2c,
    0x20,0x70,0x61,0x72,0x61,0x6d,0x5f,0x34,0x30,0x2c,0x20,0x70,0x61,0x72,0x61,0x6d,
    0x5f,0x34,0x31,0x29,0x2c,0x20,0x6d,0x69,0x6e,0x28,0x73,0x64,0x5f,0x73,0x65,0x67,
    0x28,0x70,0x61,0x72,0x61,0x6d,0x5f,0x34,0x32,0x2c,0x20,0x70,0x61,0x72,0x61,0x6d,
    0x5f,0x34,0x33,0x2c,0x20,0x70,0x61,0x72,0x61,0x6d,0x5f,0x34,0x34,0x2c,0x20,0x70,
    0x61,0x72,0x61,0x6d,0x5f,0x34,0x35,0x29,0x2c,0x20,0x73,0x64,0x5f,0x73,0x65,0x67,
    0x28,0x70,0x61,0x72,0x61,0x6d,0x5f,0x34,0x36,0x2c,0x20,0x70,0x61,0x72,0x61,0x6d,
    0x5f,0x34,0x37,0x2c,0x20,0x70,0x61,0x72,0x61,0x6d,0x5f,0x34,0x38,0x2c,0x20,0x70,
    0x61,0x72,0x61,0x6d,0x5f,0x34,0x39,0x29,0x29,0x29,0x3b,0x0a,0x20,0x20,0x20,0x20,
    0x7d,0x0a,0x20,0x20,0x20,0x20,0x69,0x66,0x20,0x28,0x73,0x68,0x20,0x3d,0x3d,0x20,
    0x37,0x29,0x0a,0x20,0x20,0x20,0x20,0x7b,0x0a,0x20,0x20,0x20,0x20,0x20,0x20,0x20,
    0x20,0x66,0x6c,0x6f,0x61,0x74,0x32,0x20,0x70,0x61,0x72,0x61,0x6d,0x5f,0x35,0x30,
    0x20,0x3d,0x20,0x70,0x3b,0x0a,0x20,0x20,0x20,0x20,0x20,0x20,0x20,0x20,0x66,0x6c,
    0x6f,0x61,0x74,0x32,0x20,0x70,0x61,0x72,0x61,0x6d,0x5f,0x35,0x31,0x20,0x3d,0x20,
    0x66,0x6c,0x6f,0x61,0x74,0x32,0x28,0x68,0x66,0x2e,0x78,0x2c,0x20,0x2d,0x68,0x66,
    0x2e,0x79,0x29,0x3b,0x0a,0x20,0x20,0x20,0x20,0x20,0x20,0x20,0x20,0x66,0x6c,0x6f,
    0x61,0x74,0x20,0x70,0x61,0x72,0x61,0x6d,0x5f,0x35,0x32,0x20,0x3d,0x20,0x5f,0x34,
    0x37,0x34,0x3b,0x0a,0x20,0x20,0x20,0x20,0x20,0x20,0x20,0x20,0x66,0x6c,0x6f,0x61,
    0x74,0x20,0x70,0x61,0x72,0x61,0x6d,0x5f,0x35,0x33,0x20,0x3d,0x20,0x5f,0x34,0x36,
    0x38,0x3b,0x0a,0x20,0x20,0x20,0x20,0x20,0x20,0x20,0x20,0x66,0x6c,0x6f,0x61,0x74,
    0x32,0x20,0x70,0x61,0x72,0x61,0x6d,0x5f,0x35,0x34,0x20,0x3d,0x20,0x66,0x6c,0x6f,
    0x61,0x74,0x32,0x28,0x2d,0x31,0x2e,0x30,0x66,0x2c,0x20,0x31,0x2e,0x30,0x66,0x29,
    0x3b,0x0a,0x20,0x20,0x20,0x20,0x20,0x20,0x20,0x20,0x66,0x6c,0x6f,0x61,0x74,0x32,
    0x20,0x70,0x61,0x72,0x61,0x6d,0x5f,0x35,0x35,0x20,0x3d,0x20,0x70,0x3b,0x0a,0x20,
    0x20,0x20,0x20,0x20,0x20,0x20,0x20,0x66,0x6c,0x6f,0x61,0x74,0x32,0x20,0x70,0x61,
    0x72,0x61,0x6d,0x5f,0x35,0x36,0x20,0x3d,0x20,0x66,0x6c,0x6f,0x61,0x74,0x32,0x28,
    0x30,0x2e,0x30,0x66,0x2c,0x20,0x28,0x2d,0x68,0x66,0x2e,0x79,0x29,0x20,0x2b,0x20,
    0x5f,0x34,0x37,0x34,0x29,0x3b,0x0a,0x20,0x20,0x20,0x20,0x20,0x20,0x20,0x20,0x66,
    0x6c,0x6f,0x61,0x74,0x32,0x20,0x70,0x61,0x72,0x61,0x6d,0x5f,0x35,0x37,0x20,0x3d,
    0x20,0x66,0x6c,0x6f,0x61,0x74,0x32,0x28,0x68,0x66,0x2e,0x78,0x2c,0x20,0x28,0x2d,
    0x68,0x66,0x2e,0x79,0x29,0x20,0x2b,0x20,0x5f,0x34,0x37,0x34,0x29,0x3b,0x0a,0x20,
    0x20,0x20,0x20,0x20,0x20,0x20,0x20,0x66,0x6c,0x6f,0x61,0x74,0x20,0x70,0x61,0x72,
    0x61,0x6d,0x5f,0x35,0x38,0x20,0x3d,0x20,0x5f,0x34,0x36,0x38,0x3b,0x0a,0x20,0x20,
    0x20,0x20,0x20,0x20,0x20,0x20,0x66,0x6c,0x6f,0x61,0x74,0x32,0x20,0x70,0x61,0x72,
    0x61,0x6d,0x5f,0x35,0x39,0x20,0x3d,0x20,0x70,0x3b,0x0a,0x20,0x20,0x20,0x20,0x20,
    0x20,0x20,0x20,0x66,0x6c,0x6f,0x61,0x74,0x32,0x20,0x70,0x61,0x72,0x61,0x6d,0x5f,
    0x36,0x30,0x20,0x3d,0x20,0x66,0x6c,0x6f,0x61,0x74,0x32,0x28,0x68,0x66,0x2e,0x78,
    0x20,0x2d,0x20,0x5f,0x34,0x37,0x34,0x2c,0x20,0x2d,0x68,0x66,0x2e,0x79,0x29,0x3b,
    0x0a,0x20,0x20,0x20,0x20,0x20,0x20,0x20,0x20,0x66,0x6c,0x6f,0x61,0x74,0x32,0x20,
    0x70,0x61,0x72,0x61,0x6d,0x5f,0x36,0x31,0x20,0x3d,0x20,0x66,0x6c,0x6f,0x61,0x74,
    0x32,0x28,0x68,0x66,0x2e,0x78,0x20,0x2d,0x20,0x5f,0x34,0x37,0x34,0x2c,0x20,0x30,
    0x2e,0x30,0x66,0x29,0x3b,0x0a,0x20,0x20,0x20,0x20,0x20,0x20,0x20,0x20,0x66,0x6c,
    0x6f,0x61,0x74,0x20,0x70,0x61,0x72,0x61,0x6d,0x5f,0x36,0x32,0x20,0x3d,0x20,0x5f,
    0x34,0x36,0x38,0x3b,0x0a,0x20,0x20,0x20,0x20,0x20,0x20,0x20,0x20,0x72,0x65,0x74,
    0x75,0x72,0x6e,0x20,0x6d,0x69,0x6e,0x28,0x73,0x64,0x5f,0x61,0x72,0x63,0x28,0x70,
    0x61,0x72,0x61,0x6d,0x5f,0x35,0x30,0x2c,0x20,0x70,0x61,0x72,0x61,0x6d,0x5f,0x35,
    0x31,0x2c,0x20,0x70,0x61,0x72,0x61,0x6d,0x5f,0x35,0x32,0x2c,0x20,0x70,0x61,0x72,
    0x61,0x6d,0x5f,0x35,0x33,0x2c,0x20,0x70,0x61,0x72,0x61,0x6d,0x5f,0x35,0x34,0x29,
    0x2c,0x20,0x6d,0x69,0x6e,0x28,0x73,0x64,0x5f,0x73,0x65,0x67,0x28,0x70,0x61,0x72,
    0x61,0x6d,0x5f,0x35,0x35,0x2c,0x20,0x70,0x61,0x72,0x61,0x6d,0x5f,0x35,0x36,0x2c,
    0x20,0x70,0x61,0x72,0x61,0x6d,0x5f,0x35,0x37,0x2c,0x20,0x70,0x61,0x72,0x61,0x6d,
    0x5f,0x35,0x38,0x29,0x2c,0x20,0x73,0x64,0x5f,0x73,0x65,0x67,0x28,0x70,0x61,0x72,
    0x61,0x6d,0x5f,0x35,0x39,0x2c,0x20,0x70,0x61,0x72,0x61,0x6d,0x5f,0x36,0x30,0x2c,
    0x20,0x70,0x61,0x72,0x61,0x6d,0x5f,0x36,0x31,0x2c,0x20,0x70,0x61,0x72,0x61,0x6d,
    0x5f,0x36,0x32,0x29,0x29,0x29,0x3b,0x0a,0x20,0x20,0x20,0x20,0x7d,0x0a,0x20,0x20,
    0x20,0x20,0x69,0x66,0x20,0x28,0x73,0x68,0x20,0x3d,0x3d,0x20,0x38,0x29,0x0a,0x20,
    0x20,0x20,0x20,0x7b,0x0a,0x20,0x20,0x20,0x20,0x20,0x20,0x20,0x20,0x66,0x6c,0x6f,
    0x61,0x74,0x32,0x20,0x70,0x61,0x72,0x61,0x6d,0x5f,0x36,0x33,0x20,0x3d,0x20,0x70,
    0x3b,0x0a,0x20,0x20,0x20,0x20,0x20,0x20,0x20,0x20,0x66,0x6c,0x6f,0x61,0x74,0x32,
    0x20,0x70,0x61,0x72,0x61,0x6d,0x5f,0x36,0x34,0x20,0x3d,0x20,0x66,0x6c,0x6f,0x61,
    0x74,0x32,0x28,0x2d,0x68,0x66,0x2e,0x78,0x2c,0x20,0x2d,0x68,0x66,0x2e,0x79,0x29,
    0x3b,0x0a,0x20,0x20,0x20,0x20,0x20,0x20,0x20,0x20,0x66,0x6c,0x6f,0x61,0x74,0x20,
    0x70,0x61,0x72,0x61,0x6d,0x5f,0x36,0x35,0x20,0x3d,0x20,0x5f,0x34,0x37,0x34,0x3b,
    0x0a,0x20,0x20,0x20,0x20,0x20,0x20,0x20,0x20,0x66,0x6c,0x6f,0x61,0x74,0x20,0x70,
    0x61,0x72,0x61,0x6d,0x5f,0x36,0x36,0x20,0x3d,0x20,0x5f,0x34,0x36,0x38,0x3b,0x0a,
    0x20,0x20,0x20,0x20,0x20,0x20,0x20,0x20,0x66,0x6c,0x6f,0x61,0x74,0x32,0x20,0x70,
    0x61,0x72,0x61,0x6d,0x5f,0x36,0x37,0x20,0x3d,0x20,0x31,0x2e,0x30,0x66,0x2e,0x78,
    0x78,0x3b,0x0a,0x20,0x20,0x20,0x20,0x20,0x20,0x20,0x20,0x66,0x6c,0x6f,0x61,0x74,
    0x32,0x20,0x70,0x61,0x72,0x61,0x6d,0x5f,0x36,0x38,0x20,0x3d,0x20,0x70,0x3b,0x0a,
    0x20,0x20,0x20,0x20,0x20,0x20,0x20,0x20,0x66,0x6c,0x6f,0x61,0x74,0x32,0x20,0x70,
    0x61,0x72,0x61,0x6d,0x5f,0x36,0x39,0x20,0x3d,0x20,0x66,0x6c,0x6f,0x61,0x74,0x32,
    0x28,0x2d,0x68,0x66,0x2e,0x78,0x2c,0x20,0x28,0x2d,0x68,0x66,0x2e,0x79,0x29,0x20,
    0x2b,0x20,0x5f,0x34,0x37,0x34,0x29,0x3b,0x0a,0x20,0x20,0x20,0x20,0x20,0x20,0x20,
    0x20,0x66,0x6c,0x6f,0x61,0x74,0x32,0x20,0x70,0x61,0x72,0x61,0x6d,0x5f,0x37,0x30,
    0x20,0x3d,0x20,0x66,0x6c,0x6f,0x61,0x74,0x32,0x28,0x30,0x2e,0x30,0x66,0x2c,0x20,
    0x28,0x2d,0x68,0x66,0x2e,0x79,0x29,0x20,0x2b,0x20,0x5f,0x34,0x37,0x34,0x29,0x3b,
    0x0a,0x20,0x20,0x20,0x20,0x20,0x20,0x20,0x20,0x66,0x6c,0x6f,0x61,0x74,0x20,0x70,
    0x61,0x72,0x61,0x6d,0x5f,0x37,0x31,0x20,0x3d,0x20,0x5f,0x34,0x36,0x38,0x3b,0x0a,
    0x20,0x20,0x20,0x20,0x20,0x20,0x20,0x20,0x66,0x6c,0x6f,0x61,0x74,0x32,0x20,0x70,
    0x61,0x72,0x61,0x6d,0x5f,0x37,0x32,0x20,0x3d,0x20,0x70,0x3b,0x0a,0x20,0x20,0x20,
    0x20,0x20,0x20,0x20,0x20,0x66,0x6c,0x6f,0x61,0x74,0x32,0x20,0x70,0x61,0x72,0x61,
    0x6d,0x5f,0x37,0x33,0x20,0x3d,0x20,0x66,0x6c,0x6f,0x61,0x74,0x32,0x28,0x28,0x2d,
    0x68,0x66,0x2e,0x78,0x29,0x20,0x2b,0x20,0x5f,0x34,0x37,0x34,0x2c,0x20,0x2d,0x68,
    0x66,0x2e,0x79,0x29,0x3b,0x0a,0x20,0x20,0x20,0x20,0x20,0x20,0x20,0x20,0x66,0x6c,
    0x6f,0x61,0x74,0x32,0x20,0x70,0x61,0x72,0x61,0x6d,0x5f,0x37,0x34,0x20,0x3d,0x20,
    0x66,0x6c,0x6f,0x61,0x74,0x32,0x28,0x28,0x2d,0x68,0x66,0x2e,0x78,0x29,0x20,0x2b,
    0x20,0x5f,0x34,0x37,0x34,0x2c,0x20,0x30,0x2e,0x30,0x66,0x29,0x3b,0x0a,0x20,0x20,
    0x20,0x20,0x20,0x20,0x20,0x20,0x66,0x6c,0x6f,0x61,0x74,0x20,0x70,0x61,0x72,0x61,
    0x6d,0x5f,0x37,0x35,0x20,0x3d,0x20,0x5f,0x34,0x36,0x38,0x3b,0x0a,0x20,0x20,0x20,
    0x20,0x20,0x20,0x20,0x20,0x72,0x65,0x74,0x75,0x72,0x6e,0x20,0x6d,0x69,0x6e,0x28,
    0x73,0x64,0x5f,0x61,0x72,0x63,0x28,0x70,0x61,0x72,0x61,0x6d,0x5f,0x36,0x33,0x2c,
    0x20,0x70,0x61,0x72,0x61,0x6d,0x5f,0x36,0x34,0x2c,0x20,0x70,0x61,0x72,0x61,0x6d,
    0x5f,0x36,0x35,0x2c,0x20,0x70,0x61,0x72,0x61,0x6d,0x5f,0x36,0x36,0x2c,0x20,0x70,
    0x61,0x72,0x61,0x6d,0x5f,0x36,0x37,0x29,0x2c,0x20,0x6d,0x69,0x6e,0x28,0x73,0x64,
    0x5f,0x73,0x65,0x67,0x28,0x70,0x61,0x72,0x61,0x6d,0x5f,0x36,0x38,0x2c,0x20,0x70,
    0x61,0x72,0x61,0x6d,0x5f,0x36,0x39,0x2c,0x20,0x70,0x61,0x72,0x61,0x6d,0x5f,0x37,
    0x30,0x2c,0x20,0x70,0x61,0x72,0x61,0x6d,0x5f,0x37,0x31,0x29,0x2c,0x20,0x73,0x64,
    0x5f,0x73,0x65,0x67,0x28,0x70,0x61,0x72,0x61,0x6d,0x5f,0x37,0x32,0x2c,0x20,0x70,
    0x61,0x72,0x61,0x6d,0x5f,0x37,0x33,0x2c,0x20,0x70,0x61,0x72,0x61,0x6d,0x5f,0x37,
    0x34,0x2c,0x20,0x70,0x61,0x72,0x61,0x6d,0x5f,0x37,0x35,0x29,0x29,0x29,0x3b,0x0a,
    0x20,0x20,0x20,0x20,0x7d,0x0a,0x20,0x20,0x20,0x20,0x72,0x65,0x74,0x75,0x72,0x6e,
    0x20,0x31,0x2e,0x30,0x66,0x3b,0x0a,0x7d,0x0a,0x0a,0x66,0x6c,0x6f,0x61,0x74,0x20,
    0x73,0x64,0x5f,0x72,0x6f,0x75,0x6e,0x64,0x5f,0x62,0x6f,0x78,0x28,0x66,0x6c,0x6f,
    0x61,0x74,0x32,0x20,0x70,0x2c,0x20,0x66,0x6c,0x6f,0x61,0x74,0x32,0x20,0x68,0x61,
    0x6c,0x66,0x5f,0x65,0x78,0x74,0x2c,0x20,0x66,0x6c,0x6f,0x61,0x74,0x20,0x72,0x29,
    0x0a,0x7b,0x0a,0x20,0x20,0x20,0x20,0x66,0x6c,0x6f,0x61,0x74,0x32,0x20,0x5f,0x35,
    0x33,0x20,0x3d,0x20,0x28,0x61,0x62,0x73,0x28,0x70,0x29,0x20,0x2d,0x20,0x68,0x61,
    0x6c,0x66,0x5f,0x65,0x78,0x74,0x29,0x20,0x2b,0x20,0x72,0x2e,0x78,0x78,0x3b,0x0a,
    0x20,0x20,0x20,0x20,0x72,0x65,0x74,0x75,0x72,0x6e,0x20,0x28,0x6d,0x69,0x6e,0x28,
    0x6d,0x61,0x78,0x28,0x5f,0x35,0x33,0x2e,0x78,0x2c,0x20,0x5f,0x35,0x33,0x2e,0x79,
    0x29,0x2c,0x20,0x30,0x2e,0x30,0x66,0x29,0x20,0x2b,0x20,0x6c,0x65,0x6e,0x67,0x74,
    0x68,0x28,0x6d,0x61,0x78,0x28,0x5f,0x35,0x33,0x2c,0x20,0x30,0x2e,0x30,0x66,0x2e,
    0x78,0x78,0x29,0x29,0x29,0x20,0x2d,0x20,0x72,0x3b,0x0a,0x7d,0x0a,0x0a,0x76,0x6f,
    0x69,0x64,0x20,0x66,0x72,0x61,0x67,0x5f,0x6d,0x61,0x69,0x6e,0x28,0x29,0x0a,0x7b,
    0x0a,0x20,0x20,0x20,0x20,0x69,0x66,0x20,0x28,0x76,0x49,0x73,0x47,0x6c,0x79,0x70,
    0x68,0x20,0x3e,0x20,0x32,0x2e,0x35,0x66,0x29,0x0a,0x20,0x20,0x20,0x20,0x7b,0x0a,
    0x20,0x20,0x20,0x20,0x20,0x20,0x20,0x20,0x69,0x6e,0x74,0x20,0x70,0x61,0x72,0x61,
    0x6d,0x20,0x3d,0x20,0x69,0x6e,0x74,0x28,0x76,0x53,0x68,0x61,0x70,0x65,0x20,0x2b,
    0x20,0x30,0x2e,0x35,0x66,0x29,0x3b,0x0a,0x20,0x20,0x20,0x20,0x20,0x20,0x20,0x20,
    0x66,0x6c,0x6f,0x61,0x74,0x32,0x20,0x70,0x61,0x72,0x61,0x6d,0x5f,0x31,0x20,0x3d,
    0x20,0x76,0x4c,0x6f,0x63,0x61,0x6c,0x3b,0x0a,0x20,0x20,0x20,0x20,0x20,0x20,0x20,
    0x20,0x66,0x6c,0x6f,0x61,0x74,0x32,0x20,0x70,0x61,0x72,0x61,0x6d,0x5f,0x32,0x20,
    0x3d,0x20,0x76,0x48,0x61,0x6c,0x66,0x3b,0x0a,0x20,0x20,0x20,0x20,0x20,0x20,0x20,
    0x20,0x66,0x6c,0x6f,0x61,0x74,0x20,0x5f,0x37,0x39,0x30,0x20,0x3d,0x20,0x73,0x64,
    0x66,0x5f,0x73,0x68,0x61,0x70,0x65,0x28,0x70,0x61,0x72,0x61,0x6d,0x2c,0x20,0x70,
    0x61,0x72,0x61,0x6d,0x5f,0x31,0x2c,0x20,0x70,0x61,0x72,0x61,0x6d,0x5f,0x32,0x29,
    0x3b,0x0a,0x20,0x20,0x20,0x20,0x20,0x20,0x20,0x20,0x66,0x6c,0x6f,0x61,0x74,0x20,
    0x5f,0x37,0x39,0x33,0x20,0x3d,0x20,0x66,0x77,0x69,0x64,0x74,0x68,0x28,0x5f,0x37,
    0x39,0x30,0x29,0x3b,0x0a,0x20,0x20,0x20,0x20,0x20,0x20,0x20,0x20,0x66,0x72,0x61,
    0x67,0x20,0x3d,0x20,0x66,0x6c,0x6f,0x61,0x74,0x34,0x28,0x76,0x43,0x6f,0x6c,0x6f,
    0x72,0x2e,0x78,0x79,0x7a,0x2c,0x20,0x31,0x2e,0x30,0x66,0x20,0x2d,0x20,0x73,0x6d,
    0x6f,0x6f,0x74,0x68,0x73,0x74,0x65,0x70,0x28,0x28,0x2d,0x39,0x2e,0x39,0x39,0x39,
    0x39,0x39,0x39,0x37,0x34,0x37,0x33,0x37,0x38,0x37,0x35,0x31,0x36,0x33,0x35,0x35,
    0x35,0x31,0x34,0x35,0x32,0x36,0x33,0x36,0x37,0x31,0x38,0x38,0x65,0x2d,0x30,0x35,
    0x66,0x29,0x20,0x2d,0x20,0x5f,0x37,0x39,0x33,0x2c,0x20,0x5f,0x37,0x39,0x33,0x20,
    0x2b,0x20,0x39,0x2e,0x39,0x39,0x39,0x39,0x39,0x39,0x37,0x34,0x37,0x33,0x37,0x38,
    0x37,0x35,0x31,0x36,0x33,0x35,0x35,0x35,0x31,0x34,0x35,0x32,0x36,0x33,0x36,0x37,
    0x31,0x38,0x38,0x65,0x2d,0x30,0x35,0x66,0x2c,0x20,0x5f,0x37,0x39,0x30,0x29,0x29,
    0x3b,0x0a,0x20,0x20,0x20,0x20,0x7d,0x0a,0x20,0x20,0x20,0x20,0x65,0x6c,0x73,0x65,
    0x0a,0x20,0x20,0x20,0x20,0x7b,0x0a,0x20,0x20,0x20,0x20,0x20,0x20,0x20,0x20,0x69,
    0x66,0x20,0x28,0x76,0x49,0x73,0x47,0x6c,0x79,0x70,0x68,0x20,0x3e,0x20,0x31,0x2e,
    0x35,0x66,0x29,0x0a,0x20,0x20,0x20,0x20,0x20,0x20,0x20,0x20,0x7b,0x0a,0x20,0x20,
    0x20,0x20,0x20,0x20,0x20,0x20,0x20,0x20,0x20,0x20,0x66,0x72,0x61,0x67,0x20,0x3d,
    0x20,0x75,0x43,0x6f,0x6c,0x6f,0x72,0x41,0x74,0x6c,0x61,0x73,0x2e,0x53,0x61,0x6d,
    0x70,0x6c,0x65,0x28,0x75,0x53,0x6d,0x70,0x2c,0x20,0x76,0x55,0x56,0x29,0x3b,0x0a,
    0x20,0x20,0x20,0x20,0x20,0x20,0x20,0x20,0x7d,0x0a,0x20,0x20,0x20,0x20,0x20,0x20,
    0x20,0x20,0x65,0x6c,0x73,0x65,0x0a,0x20,0x20,0x20,0x20,0x20,0x20,0x20,0x20,0x7b,
    0x0a,0x20,0x20,0x20,0x20,0x20,0x20,0x20,0x20,0x20,0x20,0x20,0x20,0x69,0x66,0x20,
    0x28,0x76,0x49,0x73,0x47,0x6c,0x79,0x70,0x68,0x20,0x3e,0x20,0x30,0x2e,0x35,0x66,
    0x29,0x0a,0x20,0x20,0x20,0x20,0x20,0x20,0x20,0x20,0x20,0x20,0x20,0x20,0x7b,0x0a,
    0x20,0x20,0x20,0x20,0x20,0x20,0x20,0x20,0x20,0x20,0x20,0x20,0x20,0x20,0x20,0x20,
    0x66,0x72,0x61,0x67,0x20,0x3d,0x20,0x66,0x6c,0x6f,0x61,0x74,0x34,0x28,0x76,0x43,
    0x6f,0x6c,0x6f,0x72,0x2e,0x78,0x79,0x7a,0x2c,0x20,0x70,0x6f,0x77,0x28,0x75,0x41,
    0x74,0x6c,0x61,0x73,0x2e,0x53,0x61,0x6d,0x70,0x6c,0x65,0x28,0x75,0x53,0x6d,0x70,
    0x2c,0x20,0x76,0x55,0x56,0x29,0x2e,0x78,0x2c,0x20,0x31,0x2e,0x30,0x66,0x20,0x2f,
    0x20,0x6c,0x65,0x72,0x70,0x28,0x31,0x2e,0x32,0x30,0x30,0x30,0x30,0x30,0x30,0x34,
    0x37,0x36,0x38,0x33,0x37,0x31,0x35,0x38,0x32,0x30,0x33,0x31,0x32,0x35,0x66,0x2c,
    0x20,0x31,0x2e,0x36,0x30,0x30,0x30,0x30,0x30,0x30,0x32,0x33,0x38,0x34,0x31,0x38,
    0x35,0x37,0x39,0x31,0x30,0x31,0x35,0x36,0x32,0x35,0x66,0x2c,0x20,0x64,0x6f,0x74,
    0x28,0x76,0x43,0x6f,0x6c,0x6f,0x72,0x2e,0x78,0x79,0x7a,0x2c,0x20,0x66,0x6c,0x6f,
    0x61,0x74,0x33,0x28,0x30,0x2e,0x32,0x31,0x32,0x35,0x39,0x39,0x39,0x39,0x32,0x37,
    0x35,0x32,0x30,0x37,0x35,0x31,0x39,0x35,0x33,0x31,0x32,0x35,0x66,0x2c,0x20,0x30,
    0x2e,0x37,0x31,0x35,0x32,0x30,0x30,0x30,0x30,0x36,0x39,0x36,0x31,0x38,0x32,0x32,
    0x35,0x30,0x39,0x37,0x36,0x35,0x36,0x32,0x35,0x66,0x2c,0x20,0x30,0x2e,0x30,0x37,
    0x32,0x32,0x30,0x30,0x30,0x30,0x30,0x32,0x38,0x36,0x31,0x30,0x32,0x32,0x39,0x34,
    0x39,0x32,0x31,0x38,0x37,0x35,0x66,0x29,0x29,0x29,0x29,0x29,0x3b,0x0a,0x20,0x20,
    0x20,0x20,0x20,0x20,0x20,0x20,0x20,0x20,0x20,0x20,0x7d,0x0a,0x20,0x20,0x20,0x20,
    0x20,0x20,0x20,0x20,0x20,0x20,0x20,0x20,0x65,0x6c,0x73,0x65,0x0a,0x20,0x20,0x20,
    0x20,0x20,0x20,0x20,0x20,0x20,0x20,0x20,0x20,0x7b,0x0a,0x20,0x20,0x20,0x20,0x20,
    0x20,0x20,0x20,0x20,0x20,0x20,0x20,0x20,0x20,0x20,0x20,0x69,0x66,0x20,0x28,0x76,
    0x52,0x61,0x64,0x69,0x75,0x73,0x20,0x3e,0x20,0x30,0x2e,0x30,0x66,0x29,0x0a,0x20,
    0x20,0x20,0x20,0x20,0x20,0x20,0x20,0x20,0x20,0x20,0x20,0x20,0x20,0x20,0x20,0x7b,
    0x0a,0x20,0x20,0x20,0x20,0x20,0x20,0x20,0x20,0x20,0x20,0x20,0x20,0x20,0x20,0x20,
    0x20,0x20,0x20,0x20,0x20,0x66,0x6c,0x6f,0x61,0x74,0x32,0x20,0x70,0x61,0x72,0x61,
    0x6d,0x5f,0x33,0x20,0x3d,0x20,0x76,0x4c,0x6f,0x63,0x61,0x6c,0x3b,0x0a,0x20,0x20,
    0x20,0x20,0x20,0x20,0x20,0x20,0x20,0x20,0x20,0x20,0x20,0x20,0x20,0x20,0x20,0x20,
    0x20,0x20,0x66,0x6c,0x6f,0x61,0x74,0x32,0x20,0x70,0x61,0x72,0x61,0x6d,0x5f,0x34,
    0x20,0x3d,0x20,0x76,0x48,0x61,0x6c,0x66,0x3b,0x0a,0x20,0x20,0x20,0x20,0x20,0x20,
    0x20,0x20,0x20,0x20,0x20,0x20,0x20,0x20,0x20,0x20,0x20,0x20,0x20,0x20,0x66,0x6c,
    0x6f,0x61,0x74,0x20,0x70,0x61,0x72,0x61,0x6d,0x5f,0x35,0x20,0x3d,0x20,0x76,0x52,
    0x61,0x64,0x69,0x75,0x73,0x3b,0x0a,0x20,0x20,0x20,0x20,0x20,0x20,0x20,0x20,0x20,
    0x20,0x20,0x20,0x20,0x20,0x20,0x20,0x20,0x20,0x20,0x20,0x66,0x72,0x61,0x67,0x20,
    0x3d,0x20,0x66,0x6c,0x6f,0x61,0x74,0x34,0x28,0x76,0x43,0x6f,0x6c,0x6f,0x72,0x2e,
    0x78,0x79,0x7a,0x2c,0x20,0x28,0x28,0x31,0x2e,0x30,0x66,0x20,0x2d,0x20,0x73,0x6d,
    0x6f,0x6f,0x74,0x68,0x73,0x74,0x65,0x70,0x28,0x2d,0x30,0x2e,0x37,0x35,0x66,0x2c,
    0x20,0x30,0x2e,0x37,0x35,0x66,0x2c,0x20,0x73,0x64,0x5f,0x72,0x6f,0x75,0x6e,0x64,
    0x5f,0x62,0x6f,0x78,0x28,0x70,0x61,0x72,0x61,0x6d,0x5f,0x33,0x2c,0x20,0x70,0x61,
    0x72,0x61,0x6d,0x5f,0x34,0x2c,0x20,0x70,0x61,0x72,0x61,0x6d,0x5f,0x35,0x29,0x29,
    0x29,0x20,0x2a,0x20,0x5f,0x38,0x39,0x37,0x5f,0x75,0x4f,0x70,0x61,0x63,0x69,0x74,
    0x79,0x29,0x20,0x2a,0x20,0x76,0x43,0x6f,0x6c,0x6f,0x72,0x2e,0x77,0x29,0x3b,0x0a,
    0x20,0x20,0x20,0x20,0x20,0x20,0x20,0x20,0x20,0x20,0x20,0x20,0x20,0x20,0x20,0x20,
    0x7d,0x0a,0x20,0x20,0x20,0x20,0x20,0x20,0x20,0x20,0x20,0x20,0x20,0x20,0x20,0x20,
    0x20,0x20,0x65,0x6c,0x73,0x65,0x0a,0x20,0x20,0x20,0x20,0x20,0x20,0x20,0x20,0x20,
    0x20,0x20,0x20,0x20,0x20,0x20,0x20,0x7b,0x0a,0x20,0x20,0x20,0x20,0x20,0x20,0x20,
    0x20,0x20,0x20,0x20,0x20,0x20,0x20,0x20,0x20,0x20,0x20,0x20,0x20,0x66,0x72,0x61,
    0x67,0x20,0x3d,0x20,0x66,0x6c,0x6f,0x61,0x74,0x34,0x28,0x76,0x43,0x6f,0x6c,0x6f,
    0x72,0x2e,0x78,0x79,0x7a,0x2c,0x20,0x5f,0x38,0x39,0x37,0x5f,0x75,0x4f,0x70,0x61,
    0x63,0x69,0x74,0x79,0x20,0x2a,0x20,0x76,0x43,0x6f,0x6c,0x6f,0x72,0x2e,0x77,0x29,
    0x3b,0x0a,0x20,0x20,0x20,0x20,0x20,0x20,0x20,0x20,0x20,0x20,0x20,0x20,0x20,0x20,
    0x20,0x20,0x7d,0x0a,0x20,0x20,0x20,0x20,0x20,0x20,0x20,0x20,0x20,0x20,0x20,0x20,
    0x7d,0x0a,0x20,0x20,0x20,0x20,0x20,0x20,0x20,0x20,0x7d,0x0a,0x20,0x20,0x20,0x20,
    0x7d,0x0a,0x7d,0x0a,0x0a,0x53,0x50,0x49,0x52,0x56,0x5f,0x43,0x72,0x6f,0x73,0x73,
    0x5f,0x4f,0x75,0x74,0x70,0x75,0x74,0x20,0x6d,0x61,0x69,0x6e,0x28,0x53,0x50,0x49,
    0x52,0x56,0x5f,0x43,0x72,0x6f,0x73,0x73,0x5f,0x49,0x6e,0x70,0x75,0x74,0x20,0x73,
    0x74,0x61,0x67,0x65,0x5f,0x69,0x6e,0x70,0x75,0x74,0x29,0x0a,0x7b,0x0a,0x20,0x20,
    0x20,0x20,0x76,0x49,0x73,0x47,0x6c,0x79,0x70,0x68,0x20,0x3d,0x20,0x73,0x74,0x61,
    0x67,0x65,0x5f,0x69,0x6e,0x70,0x75,0x74,0x2e,0x76,0x49,0x73,0x47,0x6c,0x79,0x70,
    0x68,0x3b,0x0a,0x20,0x20,0x20,0x20,0x76,0x53,0x68,0x61,0x70,0x65,0x20,0x3d,0x20,
    0x73,0x74,0x61,0x67,0x65,0x5f,0x69,0x6e,0x70,0x75,0x74,0x2e,0x76,0x53,0x68,0x61,
    0x70,0x65,0x3b,0x0a,0x20,0x20,0x20,0x20,0x76,0x4c,0x6f,0x63,0x61,0x6c,0x20,0x3d,
    0x20,0x73,0x74,0x61,0x67,0x65,0x5f,0x69,0x6e,0x70,0x75,0x74,0x2e,0x76,0x4c,0x6f,
    0x63,0x61,0x6c,0x3b,0x0a,0x20,0x20,0x20,0x20,0x76,0x48,0x61,0x6c,0x66,0x20,0x3d,
    0x20,0x73,0x74,0x61,0x67,0x65,0x5f,0x69,0x6e,0x70,0x75,0x74,0x2e,0x76,0x48,0x61,
    0x6c,0x66,0x3b,0x0a,0x20,0x20,0x20,0x20,0x76,0x43,0x6f,0x6c,0x6f,0x72,0x20,0x3d,
    0x20,0x73,0x74,0x61,0x67,0x65,0x5f,0x69,0x6e,0x70,0x75,0x74,0x2e,0x76,0x43,0x6f,
    0x6c,0x6f,0x72,0x3b,0x0a,0x20,0x20,0x20,0x20,0x76,0x55,0x56,0x20,0x3d,0x20,0x73,
    0x74,0x61,0x67,0x65,0x5f,0x69,0x6e,0x70,0x75,0x74,0x2e,0x76,0x55,0x56,0x3b,0x0a,
    0x20,0x20,0x20,0x20,0x76,0x52,0x61,0x64,0x69,0x75,0x73,0x20,0x3d,0x20,0x73,0x74,
    0x61,0x67,0x65,0x5f,0x69,0x6e,0x70,0x75,0x74,0x2e,0x76,0x52,0x61,0x64,0x69,0x75,
    0x73,0x3b,0x0a,0x20,0x20,0x20,0x20,0x66,0x72,0x61,0x67,0x5f,0x6d,0x61,0x69,0x6e,
    0x28,0x29,0x3b,0x0a,0x20,0x20,0x20,0x20,0x53,0x50,0x49,0x52,0x56,0x5f,0x43,0x72,
    0x6f,0x73,0x73,0x5f,0x4f,0x75,0x74,0x70,0x75,0x74,0x20,0x73,0x74,0x61,0x67,0x65,
    0x5f,0x6f,0x75,0x74,0x70,0x75,0x74,0x3b,0x0a,0x20,0x20,0x20,0x20,0x73,0x74,0x61,
    0x67,0x65,0x5f,0x6f,0x75,0x74,0x70,0x75,0x74,0x2e,0x66,0x72,0x61,0x67,0x20,0x3d,
    0x20,0x66,0x72,0x61,0x67,0x3b,0x0a,0x20,0x20,0x20,0x20,0x72,0x65,0x74,0x75,0x72,
    0x6e,0x20,0x73,0x74,0x61,0x67,0x65,0x5f,0x6f,0x75,0x74,0x70,0x75,0x74,0x3b,0x0a,
    0x7d,0x0a,0x00,
};
/*
    cbuffer image_vs_params : register(b0)
    {
        float2 _13_uScreen : packoffset(c0);
        float4 _13_uRect : packoffset(c1);
    };


    static float4 gl_Position;
    static float2 aCorner;
    static float2 vUV;

    struct SPIRV_Cross_Input
    {
        float2 aCorner : TEXCOORD0;
    };

    struct SPIRV_Cross_Output
    {
        float2 vUV : TEXCOORD0;
        float4 gl_Position : SV_Position;
    };

    void vert_main()
    {
        float2 _27 = _13_uRect.xy + (aCorner * _13_uRect.zw);
        gl_Position = float4(((_27.x / _13_uScreen.x) * 2.0f) - 1.0f, 1.0f - ((_27.y / _13_uScreen.y) * 2.0f), 0.0f, 1.0f);
        vUV = aCorner;
    }

    SPIRV_Cross_Output main(SPIRV_Cross_Input stage_input)
    {
        aCorner = stage_input.aCorner;
        vert_main();
        SPIRV_Cross_Output stage_output;
        stage_output.gl_Position = gl_Position;
        stage_output.vUV = vUV;
        return stage_output;
    }
*/
static const uint8_t image_vs_source_hlsl5[822] = {
    0x63,0x62,0x75,0x66,0x66,0x65,0x72,0x20,0x69,0x6d,0x61,0x67,0x65,0x5f,0x76,0x73,
    0x5f,0x70,0x61,0x72,0x61,0x6d,0x73,0x20,0x3a,0x20,0x72,0x65,0x67,0x69,0x73,0x74,
    0x65,0x72,0x28,0x62,0x30,0x29,0x0a,0x7b,0x0a,0x20,0x20,0x20,0x20,0x66,0x6c,0x6f,
    0x61,0x74,0x32,0x20,0x5f,0x31,0x33,0x5f,0x75,0x53,0x63,0x72,0x65,0x65,0x6e,0x20,
    0x3a,0x20,0x70,0x61,0x63,0x6b,0x6f,0x66,0x66,0x73,0x65,0x74,0x28,0x63,0x30,0x29,
    0x3b,0x0a,0x20,0x20,0x20,0x20,0x66,0x6c,0x6f,0x61,0x74,0x34,0x20,0x5f,0x31,0x33,
    0x5f,0x75,0x52,0x65,0x63,0x74,0x20,0x3a,0x20,0x70,0x61,0x63,0x6b,0x6f,0x66,0x66,
    0x73,0x65,0x74,0x28,0x63,0x31,0x29,0x3b,0x0a,0x7d,0x3b,0x0a,0x0a,0x0a,0x73,0x74,
    0x61,0x74,0x69,0x63,0x20,0x66,0x6c,0x6f,0x61,0x74,0x34,0x20,0x67,0x6c,0x5f,0x50,
    0x6f,0x73,0x69,0x74,0x69,0x6f,0x6e,0x3b,0x0a,0x73,0x74,0x61,0x74,0x69,0x63,0x20,
    0x66,0x6c,0x6f,0x61,0x74,0x32,0x20,0x61,0x43,0x6f,0x72,0x6e,0x65,0x72,0x3b,0x0a,
    0x73,0x74,0x61,0x74,0x69,0x63,0x20,0x66,0x6c,0x6f,0x61,0x74,0x32,0x20,0x76,0x55,
    0x56,0x3b,0x0a,0x0a,0x73,0x74,0x72,0x75,0x63,0x74,0x20,0x53,0x50,0x49,0x52,0x56,
    0x5f,0x43,0x72,0x6f,0x73,0x73,0x5f,0x49,0x6e,0x70,0x75,0x74,0x0a,0x7b,0x0a,0x20,
    0x20,0x20,0x20,0x66,0x6c,0x6f,0x61,0x74,0x32,0x20,0x61,0x43,0x6f,0x72,0x6e,0x65,
    0x72,0x20,0x3a,0x20,0x54,0x45,0x58,0x43,0x4f,0x4f,0x52,0x44,0x30,0x3b,0x0a,0x7d,
    0x3b,0x0a,0x0a,0x73,0x74,0x72,0x75,0x63,0x74,0x20,0x53,0x50,0x49,0x52,0x56,0x5f,
    0x43,0x72,0x6f,0x73,0x73,0x5f,0x4f,0x75,0x74,0x70,0x75,0x74,0x0a,0x7b,0x0a,0x20,
    0x20,0x20,0x20,0x66,0x6c,0x6f,0x61,0x74,0x32,0x20,0x76,0x55,0x56,0x20,0x3a,0x20,
    0x54,0x45,0x58,0x43,0x4f,0x4f,0x52,0x44,0x30,0x3b,0x0a,0x20,0x20,0x20,0x20,0x66,
    0x6c,0x6f,0x61,0x74,0x34,0x20,0x67,0x6c,0x5f,0x50,0x6f,0x73,0x69,0x74,0x69,0x6f,
    0x6e,0x20,0x3a,0x20,0x53,0x56,0x5f,0x50,0x6f,0x73,0x69,0x74,0x69,0x6f,0x6e,0x3b,
    0x0a,0x7d,0x3b,0x0a,0x0a,0x76,0x6f,0x69,0x64,0x20,0x76,0x65,0x72,0x74,0x5f,0x6d,
    0x61,0x69,0x6e,0x28,0x29,0x0a,0x7b,0x0a,0x20,0x20,0x20,0x20,0x66,0x6c,0x6f,0x61,
    0x74,0x32,0x20,0x5f,0x32,0x37,0x20,0x3d,0x20,0x5f,0x31,0x33,0x5f,0x75,0x52,0x65,
    0x63,0x74,0x2e,0x78,0x79,0x20,0x2b,0x20,0x28,0x61,0x43,0x6f,0x72,0x6e,0x65,0x72,
    0x20,0x2a,0x20,0x5f,0x31,0x33,0x5f,0x75,0x52,0x65,0x63,0x74,0x2e,0x7a,0x77,0x29,
    0x3b,0x0a,0x20,0x20,0x20,0x20,0x67,0x6c,0x5f,0x50,0x6f,0x73,0x69,0x74,0x69,0x6f,
    0x6e,0x20,0x3d,0x20,0x66,0x6c,0x6f,0x61,0x74,0x34,0x28,0x28,0x28,0x5f,0x32,0x37,
    0x2e,0x78,0x20,0x2f,0x20,0x5f,0x31,0x33,0x5f,0x75,0x53,0x63,0x72,0x65,0x65,0x6e,
    0x2e,0x78,0x29,0x20,0x2a,0x20,0x32,0x2e,0x30,0x66,0x29,0x20,0x2d,0x20,0x31,0x2e,
    0x30,0x66,0x2c,0x20,0x31,0x2e,0x30,0x66,0x20,0x2d,0x20,0x28,0x28,0x5f,0x32,0x37,
    0x2e,0x79,0x20,0x2f,0x20,0x5f,0x31,0x33,0x5f,0x75,0x53,0x63,0x72,0x65,0x65,0x6e,
    0x2e,0x79,0x29,0x20,0x2a,0x20,0x32,0x2e,0x30,0x66,0x29,0x2c,0x20,0x30,0x2e,0x30,
    0x66,0x2c,0x20,0x31,0x2e,0x30,0x66,0x29,0x3b,0x0a,0x20,0x20,0x20,0x20,0x76,0x55,
    0x56,0x20,0x3d,0x20,0x61,0x43,0x6f,0x72,0x6e,0x65,0x72,0x3b,0x0a,0x7d,0x0a,0x0a,
    0x53,0x50,0x49,0x52,0x56,0x5f,0x43,0x72,0x6f,0x73,0x73,0x5f,0x4f,0x75,0x74,0x70,
    0x75,0x74,0x20,0x6d,0x61,0x69,0x6e,0x28,0x53,0x50,0x49,0x52,0x56,0x5f,0x43,0x72,
    0x6f,0x73,0x73,0x5f,0x49,0x6e,0x70,0x75,0x74,0x20,0x73,0x74,0x61,0x67,0x65,0x5f,
    0x69,0x6e,0x70,0x75,0x74,0x29,0x0a,0x7b,0x0a,0x20,0x20,0x20,0x20,0x61,0x43,0x6f,
    0x72,0x6e,0x65,0x72,0x20,0x3d,0x20,0x73,0x74,0x61,0x67,0x65,0x5f,0x69,0x6e,0x70,
    0x75,0x74,0x2e,0x61,0x43,0x6f,0x72,0x6e,0x65,0x72,0x3b,0x0a,0x20,0x20,0x20,0x20,
    0x76,0x65,0x72,0x74,0x5f,0x6d,0x61,0x69,0x6e,0x28,0x29,0x3b,0x0a,0x20,0x20,0x20,
    0x20,0x53,0x50,0x49,0x52,0x56,0x5f,0x43,0x72,0x6f,0x73,0x73,0x5f,0x4f,0x75,0x74,
    0x70,0x75,0x74,0x20,0x73,0x74,0x61,0x67,0x65,0x5f,0x6f,0x75,0x74,0x70,0x75,0x74,
    0x3b,0x0a,0x20,0x20,0x20,0x20,0x73,0x74,0x61,0x67,0x65,0x5f,0x6f,0x75,0x74,0x70,
    0x75,0x74,0x2e,0x67,0x6c,0x5f,0x50,0x6f,0x73,0x69,0x74,0x69,0x6f,0x6e,0x20,0x3d,
    0x20,0x67,0x6c,0x5f,0x50,0x6f,0x73,0x69,0x74,0x69,0x6f,0x6e,0x3b,0x0a,0x20,0x20,
    0x20,0x20,0x73,0x74,0x61,0x67,0x65,0x5f,0x6f,0x75,0x74,0x70,0x75,0x74,0x2e,0x76,
    0x55,0x56,0x20,0x3d,0x20,0x76,0x55,0x56,0x3b,0x0a,0x20,0x20,0x20,0x20,0x72,0x65,
    0x74,0x75,0x72,0x6e,0x20,0x73,0x74,0x61,0x67,0x65,0x5f,0x6f,0x75,0x74,0x70,0x75,
    0x74,0x3b,0x0a,0x7d,0x0a,0x00,
};
/*
    Texture2D<float4> uTex : register(t0);
    SamplerState uImgSmp : register(s0);

    static float4 frag;
    static float2 vUV;

    struct SPIRV_Cross_Input
    {
        float2 vUV : TEXCOORD0;
    };

    struct SPIRV_Cross_Output
    {
        float4 frag : SV_Target0;
    };

    void frag_main()
    {
        frag = uTex.Sample(uImgSmp, vUV);
    }

    SPIRV_Cross_Output main(SPIRV_Cross_Input stage_input)
    {
        vUV = stage_input.vUV;
        frag_main();
        SPIRV_Cross_Output stage_output;
        stage_output.frag = frag;
        return stage_output;
    }
*/
static const uint8_t image_fs_source_hlsl5[494] = {
    0x54,0x65,0x78,0x74,0x75,0x72,0x65,0x32,0x44,0x3c,0x66,0x6c,0x6f,0x61,0x74,0x34,
    0x3e,0x20,0x75,0x54,0x65,0x78,0x20,0x3a,0x20,0x72,0x65,0x67,0x69,0x73,0x74,0x65,
    0x72,0x28,0x74,0x30,0x29,0x3b,0x0a,0x53,0x61,0x6d,0x70,0x6c,0x65,0x72,0x53,0x74,
    0x61,0x74,0x65,0x20,0x75,0x49,0x6d,0x67,0x53,0x6d,0x70,0x20,0x3a,0x20,0x72,0x65,
    0x67,0x69,0x73,0x74,0x65,0x72,0x28,0x73,0x30,0x29,0x3b,0x0a,0x0a,0x73,0x74,0x61,
    0x74,0x69,0x63,0x20,0x66,0x6c,0x6f,0x61,0x74,0x34,0x20,0x66,0x72,0x61,0x67,0x3b,
    0x0a,0x73,0x74,0x61,0x74,0x69,0x63,0x20,0x66,0x6c,0x6f,0x61,0x74,0x32,0x20,0x76,
    0x55,0x56,0x3b,0x0a,0x0a,0x73,0x74,0x72,0x75,0x63,0x74,0x20,0x53,0x50,0x49,0x52,
    0x56,0x5f,0x43,0x72,0x6f,0x73,0x73,0x5f,0x49,0x6e,0x70,0x75,0x74,0x0a,0x7b,0x0a,
    0x20,0x20,0x20,0x20,0x66,0x6c,0x6f,0x61,0x74,0x32,0x20,0x76,0x55,0x56,0x20,0x3a,
    0x20,0x54,0x45,0x58,0x43,0x4f,0x4f,0x52,0x44,0x30,0x3b,0x0a,0x7d,0x3b,0x0a,0x0a,
    0x73,0x74,0x72,0x75,0x63,0x74,0x20,0x53,0x50,0x49,0x52,0x56,0x5f,0x43,0x72,0x6f,
    0x73,0x73,0x5f,0x4f,0x75,0x74,0x70,0x75,0x74,0x0a,0x7b,0x0a,0x20,0x20,0x20,0x20,
    0x66,0x6c,0x6f,0x61,0x74,0x34,0x20,0x66,0x72,0x61,0x67,0x20,0x3a,0x20,0x53,0x56,
    0x5f,0x54,0x61,0x72,0x67,0x65,0x74,0x30,0x3b,0x0a,0x7d,0x3b,0x0a,0x0a,0x76,0x6f,
    0x69,0x64,0x20,0x66,0x72,0x61,0x67,0x5f,0x6d,0x61,0x69,0x6e,0x28,0x29,0x0a,0x7b,
    0x0a,0x20,0x20,0x20,0x20,0x66,0x72,0x61,0x67,0x20,0x3d,0x20,0x75,0x54,0x65,0x78,
    0x2e,0x53,0x61,0x6d,0x70,0x6c,0x65,0x28,0x75,0x49,0x6d,0x67,0x53,0x6d,0x70,0x2c,
    0x20,0x76,0x55,0x56,0x29,0x3b,0x0a,0x7d,0x0a,0x0a,0x53,0x50,0x49,0x52,0x56,0x5f,
    0x43,0x72,0x6f,0x73,0x73,0x5f,0x4f,0x75,0x74,0x70,0x75,0x74,0x20,0x6d,0x61,0x69,
    0x6e,0x28,0x53,0x50,0x49,0x52,0x56,0x5f,0x43,0x72,0x6f,0x73,0x73,0x5f,0x49,0x6e,
    0x70,0x75,0x74,0x20,0x73,0x74,0x61,0x67,0x65,0x5f,0x69,0x6e,0x70,0x75,0x74,0x29,
    0x0a,0x7b,0x0a,0x20,0x20,0x20,0x20,0x76,0x55,0x56,0x20,0x3d,0x20,0x73,0x74,0x61,
    0x67,0x65,0x5f,0x69,0x6e,0x70,0x75,0x74,0x2e,0x76,0x55,0x56,0x3b,0x0a,0x20,0x20,
    0x20,0x20,0x66,0x72,0x61,0x67,0x5f,0x6d,0x61,0x69,0x6e,0x28,0x29,0x3b,0x0a,0x20,
    0x20,0x20,0x20,0x53,0x50,0x49,0x52,0x56,0x5f,0x43,0x72,0x6f,0x73,0x73,0x5f,0x4f,
    0x75,0x74,0x70,0x75,0x74,0x20,0x73,0x74,0x61,0x67,0x65,0x5f,0x6f,0x75,0x74,0x70,
    0x75,0x74,0x3b,0x0a,0x20,0x20,0x20,0x20,0x73,0x74,0x61,0x67,0x65,0x5f,0x6f,0x75,
    0x74,0x70,0x75,0x74,0x2e,0x66,0x72,0x61,0x67,0x20,0x3d,0x20,0x66,0x72,0x61,0x67,
    0x3b,0x0a,0x20,0x20,0x20,0x20,0x72,0x65,0x74,0x75,0x72,0x6e,0x20,0x73,0x74,0x61,
    0x67,0x65,0x5f,0x6f,0x75,0x74,0x70,0x75,0x74,0x3b,0x0a,0x7d,0x0a,0x00,
};
/*
    #include <metal_stdlib>
    #include <simd/simd.h>

    using namespace metal;

    struct cell_vs_params
    {
        float4 uScreen;
    };

    struct main0_out
    {
        float2 vUV [[user(locn0)]];
        float4 vColor [[user(locn1)]];
        float vIsGlyph [[user(locn2)]];
        float vShape [[user(locn3)]];
        float2 vLocal [[user(locn4)]];
        float2 vHalf [[user(locn5)]];
        float vRadius [[user(locn6)]];
        float4 gl_Position [[position]];
    };

    struct main0_in
    {
        float2 aCorner [[attribute(0)]];
        float4 aRect [[attribute(1)]];
        float4 aUV [[attribute(2)]];
        float4 aColor [[attribute(3)]];
        float4 aFlags [[attribute(4)]];
    };

    vertex main0_out main0(main0_in in [[stage_in]], constant cell_vs_params& _13 [[buffer(0)]])
    {
        main0_out out = {};
        float2 _31 = (_13.uScreen.zw + in.aRect.xy) + (in.aCorner * in.aRect.zw);
        out.gl_Position = float4(((_31.x / _13.uScreen.x) * 2.0) - 1.0, 1.0 - ((_31.y / _13.uScreen.y) * 2.0), 0.0, 1.0);
        out.vUV = mix(in.aUV.xy, in.aUV.zw, in.aCorner);
        out.vColor = in.aColor;
        out.vIsGlyph = in.aFlags.x * 255.0;
        out.vRadius = in.aFlags.y * 255.0;
        out.vShape = in.aFlags.z * 255.0;
        out.vHalf = in.aRect.zw * 0.5;
        out.vLocal = (in.aCorner - float2(0.5)) * in.aRect.zw;
        return out;
    }

*/
static const uint8_t cell_vs_source_metal_macos[1247] = {
    0x23,0x69,0x6e,0x63,0x6c,0x75,0x64,0x65,0x20,0x3c,0x6d,0x65,0x74,0x61,0x6c,0x5f,
    0x73,0x74,0x64,0x6c,0x69,0x62,0x3e,0x0a,0x23,0x69,0x6e,0x63,0x6c,0x75,0x64,0x65,
    0x20,0x3c,0x73,0x69,0x6d,0x64,0x2f,0x73,0x69,0x6d,0x64,0x2e,0x68,0x3e,0x0a,0x0a,
    0x75,0x73,0x69,0x6e,0x67,0x20,0x6e,0x61,0x6d,0x65,0x73,0x70,0x61,0x63,0x65,0x20,
    0x6d,0x65,0x74,0x61,0x6c,0x3b,0x0a,0x0a,0x73,0x74,0x72,0x75,0x63,0x74,0x20,0x63,
    0x65,0x6c,0x6c,0x5f,0x76,0x73,0x5f,0x70,0x61,0x72,0x61,0x6d,0x73,0x0a,0x7b,0x0a,
    0x20,0x20,0x20,0x20,0x66,0x6c,0x6f,0x61,0x74,0x34,0x20,0x75,0x53,0x63,0x72,0x65,
    0x65,0x6e,0x3b,0x0a,0x7d,0x3b,0x0a,0x0a,0x73,0x74,0x72,0x75,0x63,0x74,0x20,0x6d,
    0x61,0x69,0x6e,0x30,0x5f,0x6f,0x75,0x74,0x0a,0x7b,0x0a,0x20,0x20,0x20,0x20,0x66,
    0x6c,0x6f,0x61,0x74,0x32,0x20,0x76,0x55,0x56,0x20,0x5b,0x5b,0x75,0x73,0x65,0x72,
    0x28,0x6c,0x6f,0x63,0x6e,0x30,0x29,0x5d,0x5d,0x3b,0x0a,0x20,0x20,0x20,0x20,0x66,
    0x6c,0x6f,0x61,0x74,0x34,0x20,0x76,0x43,0x6f,0x6c,0x6f,0x72,0x20,0x5b,0x5b,0x75,
    0x73,0x65,0x72,0x28,0x6c,0x6f,0x63,0x6e,0x31,0x29,0x5d,0x5d,0x3b,0x0a,0x20,0x20,
    0x20,0x20,0x66,0x6c,0x6f,0x61,0x74,0x20,0x76,0x49,0x73,0x47,0x6c,0x79,0x70,0x68,
    0x20,0x5b,0x5b,0x75,0x73,0x65,0x72,0x28,0x6c,0x6f,0x63,0x6e,0x32,0x29,0x5d,0x5d,
    0x3b,0x0a,0x20,0x20,0x20,0x20,0x66,0x6c,0x6f,0x61,0x74,0x20,0x76,0x53,0x68,0x61,
    0x70,0x65,0x20,0x5b,0x5b,0x75,0x73,0x65,0x72,0x28,0x6c,0x6f,0x63,0x6e,0x33,0x29,
    0x5d,0x5d,0x3b,0x0a,0x20,0x20,0x20,0x20,0x66,0x6c,0x6f,0x61,0x74,0x32,0x20,0x76,
    0x4c,0x6f,0x63,0x61,0x6c,0x20,0x5b,0x5b,0x75,0x73,0x65,0x72,0x28,0x6c,0x6f,0x63,
    0x6e,0x34,0x29,0x5d,0x5d,0x3b,0x0a,0x20,0x20,0x20,0x20,0x66,0x6c,0x6f,0x61,0x74,
    0x32,0x20,0x76,0x48,0x61,0x6c,0x66,0x20,0x5b,0x5b,0x75,0x73,0x65,0x72,0x28,0x6c,
    0x6f,0x63,0x6e,0x35,0x29,0x5d,0x5d,0x3b,0x0a,0x20,0x20,0x20,0x20,0x66,0x6c,0x6f,
    0x61,0x74,0x20,0x76,0x52,0x61,0x64,0x69,0x75,0x73,0x20,0x5b,0x5b,0x75,0x73,0x65,
    0x72,0x28,0x6c,0x6f,0x63,0x6e,0x36,0x29,0x5d,0x5d,0x3b,0x0a,0x20,0x20,0x20,0x20,
    0x66,0x6c,0x6f,0x61,0x74,0x34,0x20,0x67,0x6c,0x5f,0x50,0x6f,0x73,0x69,0x74,0x69,
    0x6f,0x6e,0x20,0x5b,0x5b,0x70,0x6f,0x73,0x69,0x74,0x69,0x6f,0x6e,0x5d,0x5d,0x3b,
    0x0a,0x7d,0x3b,0x0a,0x0a,0x73,0x74,0x72,0x75,0x63,0x74,0x20,0x6d,0x61,0x69,0x6e,
    0x30,0x5f,0x69,0x6e,0x0a,0x7b,0x0a,0x20,0x20,0x20,0x20,0x66,0x6c,0x6f,0x61,0x74,
    0x32,0x20,0x61,0x43,0x6f,0x72,0x6e,0x65,0x72,0x20,0x5b,0x5b,0x61,0x74,0x74,0x72,
    0x69,0x62,0x75,0x74,0x65,0x28,0x30,0x29,0x5d,0x5d,0x3b,0x0a,0x20,0x20,0x20,0x20,
    0x66,0x6c,0x6f,0x61,0x74,0x34,0x20,0x61,0x52,0x65,0x63,0x74,0x20,0x5b,0x5b,0x61,
    0x74,0x74,0x72,0x69,0x62,0x75,0x74,0x65,0x28,0x31,0x29,0x5d,0x5d,0x3b,0x0a,0x20,
    0x20,0x20,0x20,0x66,0x6c,0x6f,0x61,0x74,0x34,0x20,0x61,0x55,0x56,0x20,0x5b,0x5b,
    0x61,0x74,0x74,0x72,0x69,0x62,0x75,0x74,0x65,0x28,0x32,0x29,0x5d,0x5d,0x3b,0x0a,
    0x20,0x20,0x20,0x20,0x66,0x6c,0x6f,0x61,0x74,0x34,0x20,0x61,0x43,0x6f,0x6c,0x6f,
    0x72,0x20,0x5b,0x5b,0x61,0x74,0x74,0x72,0x69,0x62,0x75,0x74,0x65,0x28,0x33,0x29,
    0x5d,0x5d,0x3b,0x0a,0x20,0x20,0x20,0x20,0x66,0x6c,0x6f,0x61,0x74,0x34,0x20,0x61,
    0x46,0x6c,0x61,0x67,0x73,0x20,0x5b,0x5b,0x61,0x74,0x74,0x72,0x69,0x62,0x75,0x74,
    0x65,0x28,0x34,0x29,0x5d,0x5d,0x3b,0x0a,0x7d,0x3b,0x0a,0x0a,0x76,0x65,0x72,0x74,
    0x65,0x78,0x20,0x6d,0x61,0x69,0x6e,0x30,0x5f,0x6f,0x75,0x74,0x20,0x6d,0x61,0x69,
    0x6e,0x30,0x28,0x6d,0x61,0x69,0x6e,0x30,0x5f,0x69,0x6e,0x20,0x69,0x6e,0x20,0x5b,
    0x5b,0x73,0x74,0x61,0x67,0x65,0x5f,0x69,0x6e,0x5d,0x5d,0x2c,0x20,0x63,0x6f,0x6e,
    0x73,0x74,0x61,0x6e,0x74,0x20,0x63,0x65,0x6c,0x6c,0x5f,0x76,0x73,0x5f,0x70,0x61,
    0x72,0x61,0x6d,0x73,0x26,0x20,0x5f,0x31,0x33,0x20,0x5b,0x5b,0x62,0x75,0x66,0x66,
    0x65,0x72,0x28,0x30,0x29,0x5d,0x5d,0x29,0x0a,0x7b,0x0a,0x20,0x20,0x20,0x20,0x6d,
    0x61,0x69,0x6e,0x30,0x5f,0x6f,0x75,0x74,0x20,0x6f,0x75,0x74,0x20,0x3d,0x20,0x7b,
    0x7d,0x3b,0x0a,0x20,0x20,0x20,0x20,0x66,0x6c,0x6f,0x61,0x74,0x32,0x20,0x5f,0x33,
    0x31,0x20,0x3d,0x20,0x28,0x5f,0x31,0x33,0x2e,0x75,0x53,0x63,0x72,0x65,0x65,0x6e,
    0x2e,0x7a,0x77,0x20,0x2b,0x20,0x69,0x6e,0x2e,0x61,0x52,0x65,0x63,0x74,0x2e,0x78,
    0x79,0x29,0x20,0x2b,0x20,0x28,0x69,0x6e,0x2e,0x61,0x43,0x6f,0x72,0x6e,0x65,0x72,
    0x20,0x2a,0x20,0x69,0x6e,0x2e,0x61,0x52,0x65,0x63,0x74,0x2e,0x7a,0x77,0x29,0x3b,
    0x0a,0x20,0x20,0x20,0x20,0x6f,0x75,0x74,0x2e,0x67,0x6c,0x5f,0x50,0x6f,0x73,0x69,
    0x74,0x69,0x6f,0x6e,0x20,0x3d,0x20,0x66,0x6c,0x6f,0x61,0x74,0x34,0x28,0x28,0x28,
    0x5f,0x33,0x31,0x2e,0x78,0x20,0x2f,0x20,0x5f,0x31,0x33,0x2e,0x75,0x53,0x63,0x72,
    0x65,0x65,0x6e,0x2e,0x78,0x29,0x20,0x2a,0x20,0x32,0x2e,0x30,0x29,0x20,0x2d,0x20,
    0x31,0x2e,0x30,0x2c,0x20,0x31,0x2e,0x30,0x20,0x2d,0x20,0x28,0x28,0x5f,0x33,0x31,
    0x2e,0x79,0x20,0x2f,0x20,0x5f,0x31,0x33,0x2e,0x75,0x53,0x63,0x72,0x65,0x65,0x6e,
    0x2e,0x79,0x29,0x20,0x2a,0x20,0x32,0x2e,0x30,0x29,0x2c,0x20,0x30,0x2e,0x30,0x2c,
    0x20,0x31,0x2e,0x30,0x29,0x3b,0x0a,0x20,0x20,0x20,0x20,0x6f,0x75,0x74,0x2e,0x76,
    0x55,0x56,0x20,0x3d,0x20,0x6d,0x69,0x78,0x28,0x69,0x6e,0x2e,0x61,0x55,0x56,0x2e,
    0x78,0x79,0x2c,0x20,0x69,0x6e,0x2e,0x61,0x55,0x56,0x2e,0x7a,0x77,0x2c,0x20,0x69,
    0x6e,0x2e,0x61,0x43,0x6f,0x72,0x6e,0x65,0x72,0x29,0x3b,0x0a,0x20,0x20,0x20,0x20,
    0x6f,0x75,0x74,0x2e,0x76,0x43,0x6f,0x6c,0x6f,0x72,0x20,0x3d,0x20,0x69,0x6e,0x2e,
    0x61,0x43,0x6f,0x6c,0x6f,0x72,0x3b,0x0a,0x20,0x20,0x20,0x20,0x6f,0x75,0x74,0x2e,
    0x76,0x49,0x73,0x47,0x6c,0x79,0x70,0x68,0x20,0x3d,0x20,0x69,0x6e,0x2e,0x61,0x46,
    0x6c,0x61,0x67,0x73,0x2e,0x78,0x20,0x2a,0x20,0x32,0x35,0x35,0x2e,0x30,0x3b,0x0a,
    0x20,0x20,0x20,0x20,0x6f,0x75,0x74,0x2e,0x76,0x52,0x61,0x64,0x69,0x75,0x73,0x20,
    0x3d,0x20,0x69,0x6e,0x2e,0x61,0x46,0x6c,0x61,0x67,0x73,0x2e,0x79,0x20,0x2a,0x20,
    0x32,0x35,0x35,0x2e,0x30,0x3b,0x0a,0x20,0x20,0x20,0x20,0x6f,0x75,0x74,0x2e,0x76,
    0x53,0x68,0x61,0x70,0x65,0x20,0x3d,0x20,0x69,0x6e,0x2e,0x61,0x46,0x6c,0x61,0x67,
    0x73,0x2e,0x7a,0x20,0x2a,0x20,0x32,0x35,0x35,0x2e,0x30,0x3b,0x0a,0x20,0x20,0x20,
    0x20,0x6f,0x75,0x74,0x2e,0x76,0x48,0x61,0x6c,0x66,0x20,0x3d,0x20,0x69,0x6e,0x2e,
    0x61,0x52,0x65,0x63,0x74,0x2e,0x7a,0x77,0x20,0x2a,0x20,0x30,0x2e,0x35,0x3b,0x0a,
    0x20,0x20,0x20,0x20,0x6f,0x75,0x74,0x2e,0x76,0x4c,0x6f,0x63,0x61,0x6c,0x20,0x3d,
    0x20,0x28,0x69,0x6e,0x2e,0x61,0x43,0x6f,0x72,0x6e,0x65,0x72,0x20,0x2d,0x20,0x66,
    0x6c,0x6f,0x61,0x74,0x32,0x28,0x30,0x2e,0x35,0x29,0x29,0x20,0x2a,0x20,0x69,0x6e,
    0x2e,0x61,0x52,0x65,0x63,0x74,0x2e,0x7a,0x77,0x3b,0x0a,0x20,0x20,0x20,0x20,0x72,
    0x65,0x74,0x75,0x72,0x6e,0x20,0x6f,0x75,0x74,0x3b,0x0a,0x7d,0x0a,0x0a,0x00,
};
/*
    #pragma clang diagnostic ignored "-Wmissing-prototypes"

    #include <metal_stdlib>
    #include <simd/simd.h>

    using namespace metal;

    struct cell_fs_params
    {
        float uOpacity;
    };

    struct main0_out
    {
        float4 frag [[color(0)]];
    };

    struct main0_in
    {
        float2 vUV [[user(locn0)]];
        float4 vColor [[user(locn1)]];
        float vIsGlyph [[user(locn2)]];
        float vShape [[user(locn3)]];
        float2 vLocal [[user(locn4)]];
        float2 vHalf [[user(locn5)]];
        float vRadius [[user(locn6)]];
    };

    static inline __attribute__((always_inline))
    float sd_triangle(thread const float2& p, thread const float2& a, thread const float2& b, thread const float2& c)
    {
        float2 _76 = b - a;
        float2 _80 = c - b;
        float2 _84 = a - c;
        float2 _88 = p - a;
        float2 _92 = p - b;
        float2 _96 = p - c;
        float2 _110 = _88 - (_76 * fast::clamp(dot(_88, _76) / dot(_76, _76), 0.0, 1.0));
        float2 _123 = _92 - (_80 * fast::clamp(dot(_92, _80) / dot(_80, _80), 0.0, 1.0));
        float2 _136 = _96 - (_84 * fast::clamp(dot(_96, _84) / dot(_84, _84), 0.0, 1.0));
        float _139 = _76.x;
        float _141 = _84.y;
        float _144 = _76.y;
        float _146 = _84.x;
        float _149 = sign((_139 * _141) - (_144 * _146));
        float2 _203 = fast::min(fast::min(float2(dot(_110, _110), _149 * ((_88.x * _144) - (_88.y * _139))), float2(dot(_123, _123), _149 * ((_92.x * _80.y) - (_92.y * _80.x)))), float2(dot(_136, _136), _149 * ((_96.x * _141) - (_96.y * _146))));
        return (-sqrt(_203.x)) * sign(_203.y);
    }

    static inline __attribute__((always_inline))
    float sd_arc(thread const float2& p, thread const float2& ctr, thread const float& r, thread const float& hw, thread const float2& quad)
    {
        float2 _244 = p - ctr;
        return fast::max(abs(length(_244) - r) - hw, -fast::min(quad.x * _244.x, quad.y * _244.y));
    }

    static inline __attribute__((always_inline))
    float sd_seg(thread const float2& p, thread const float2& a, thread const float2& b, thread const float& hw)
    {
        float2 _217 = p - a;
        float2 _221 = b - a;
        return length(_217 - (_221 * fast::clamp(dot(_217, _221) / dot(_221, _221), 0.0, 1.0))) - hw;
    }

    static inline __attribute__((always_inline))
    float sdf_shape(thread const int& sh, thread const float2& p, thread const float2& hf)
    {
        float _278 = fast::min(hf.x, hf.y) * 0.5;
        if (sh == 1)
        {
            float2 param = p;
            float2 param_1 = float2(-hf.x, -hf.y);
            float2 param_2 = float2(hf.x, 0.0);
            float2 param_3 = float2(-hf.x, hf.y);
            return sd_triangle(param, param_1, param_2, param_3);
        }
        if (sh == 2)
        {
            float2 param_4 = p;
            float2 param_5 = float2(hf.x, -hf.y);
            float2 param_6 = float2(-hf.x, 0.0);
            float2 param_7 = float2(hf.x, hf.y);
            return sd_triangle(param_4, param_5, param_6, param_7);
        }
        if (sh == 3)
        {
            float2 param_8 = p;
            float2 param_9 = float2(-hf.x, -hf.y);
            float2 param_10 = float2(hf.x, 0.0);
            float2 param_11 = float2(-hf.x, hf.y);
            float2 param_12 = p;
            float2 param_13 = float2((-hf.x) + _278, (-hf.y) + _278);
            float2 param_14 = float2(hf.x - _278, 0.0);
            float2 param_15 = float2((-hf.x) + _278, hf.y - _278);
            return fast::max(sd_triangle(param_8, param_9, param_10, param_11), -sd_triangle(param_12, param_13, param_14, param_15));
        }
        if (sh == 4)
        {
            float2 param_16 = p;
            float2 param_17 = float2(hf.x, -hf.y);
            float2 param_18 = float2(-hf.x, 0.0);
            float2 param_19 = float2(hf.x, hf.y);
            float2 param_20 = p;
            float2 param_21 = float2(hf.x - _278, (-hf.y) + _278);
            float2 param_22 = float2((-hf.x) + _278, 0.0);
            float2 param_23 = float2(hf.x - _278, hf.y - _278);
            return fast::max(sd_triangle(param_16, param_17, param_18, param_19), -sd_triangle(param_20, param_21, param_22, param_23));
        }
        float _468 = fast::min(hf.x, hf.y) * 0.125;
        float _474 = fast::min(hf.x, hf.y);
        if (sh == 5)
        {
            float2 param_24 = p;
            float2 param_25 = float2(hf.x, hf.y);
            float param_26 = _474;
            float param_27 = _468;
            float2 param_28 = float2(-1.0);
            float2 param_29 = p;
            float2 param_30 = float2(0.0, hf.y - _474);
            float2 param_31 = float2(hf.x, hf.y - _474);
            float param_32 = _468;
            float2 param_33 = p;
            float2 param_34 = float2(hf.x - _474, 0.0);
            float2 param_35 = float2(hf.x - _474, hf.y);
            float param_36 = _468;
            return fast::min(sd_arc(param_24, param_25, param_26, param_27, param_28), fast::min(sd_seg(param_29, param_30, param_31, param_32), sd_seg(param_33, param_34, param_35, param_36)));
        }
        if (sh == 6)
        {
            float2 param_37 = p;
            float2 param_38 = float2(-hf.x, hf.y);
            float param_39 = _474;
            float param_40 = _468;
            float2 param_41 = float2(1.0, -1.0);
            float2 param_42 = p;
            float2 param_43 = float2(-hf.x, hf.y - _474);
            float2 param_44 = float2(0.0, hf.y - _474);
            float param_45 = _468;
            float2 param_46 = p;
            float2 param_47 = float2((-hf.x) + _474, 0.0);
            float2 param_48 = float2((-hf.x) + _474, hf.y);
            float param_49 = _468;
            return fast::min(sd_arc(param_37, param_38, param_39, param_40, param_41), fast::min(sd_seg(param_42, param_43, param_44, param_45), sd_seg(param_46, param_47, param_48, param_49)));
        }
        if (sh == 7)
        {
            float2 param_50 = p;
            float2 param_51 = float2(hf.x, -hf.y);
            float param_52 = _474;
            float param_53 = _468;
            float2 param_54 = float2(-1.0, 1.0);
            float2 param_55 = p;
            float2 param_56 = float2(0.0, (-hf.y) + _474);
            float2 param_57 = float2(hf.x, (-hf.y) + _474);
            float param_58 = _468;
            float2 param_59 = p;
            float2 param_60 = float2(hf.x - _474, -hf.y);
            float2 param_61 = float2(hf.x - _474, 0.0);
            float param_62 = _468;
            return fast::min(sd_arc(param_50, param_51, param_52, param_53, param_54), fast::min(sd_seg(param_55, param_56, param_57, param_58), sd_seg(param_59, param_60, param_61, param_62)));
        }
        if (sh == 8)
        {
            float2 param_63 = p;
            float2 param_64 = float2(-hf.x, -hf.y);
            float param_65 = _474;
            float param_66 = _468;
            float2 param_67 = float2(1.0);
            float2 param_68 = p;
            float2 param_69 = float2(-hf.x, (-hf.y) + _474);
            float2 param_70 = float2(0.0, (-hf.y) + _474);
            float param_71 = _468;
            float2 param_72 = p;
            float2 param_73 = float2((-hf.x) + _474, -hf.y);
            float2 param_74 = float2((-hf.x) + _474, 0.0);
            float param_75 = _468;
            return fast::min(sd_arc(param_63, param_64, param_65, param_66, param_67), fast::min(sd_seg(param_68, param_69, param_70, param_71), sd_seg(param_72, param_73, param_74, param_75)));
        }
        return 1.0;
    }

    static inline __attribute__((always_inline))
    float sd_round_box(thread const float2& p, thread const float2& half_ext, thread const float& r)
    {
        float2 _53 = (abs(p) - half_ext) + float2(r);
        return (fast::min(fast::max(_53.x, _53.y), 0.0) + length(fast::max(_53, float2(0.0)))) - r;
    }

    fragment main0_out main0(main0_in in [[stage_in]], constant cell_fs_params& _897 [[buffer(1)]], texture2d<float> uAtlas [[texture(0)]], texture2d<float> uColorAtlas [[texture(1)]], sampler uSmp [[sampler(0)]])
    {
        main0_out out = {};
        if (in.vIsGlyph > 2.5)
        {
            int param = int(in.vShape + 0.5);
            float2 param_1 = in.vLocal;
            float2 param_2 = in.vHalf;
            float _790 = sdf_shape(param, param_1, param_2);
            float _793 = fwidth(_790);
            out.frag = float4(in.vColor.xyz, 1.0 - smoothstep((-9.9999997473787516355514526367188e-05) - _793, _793 + 9.9999997473787516355514526367188e-05, _790));
        }
        else
        {
            if (in.vIsGlyph > 1.5)
            {
                out.frag = uColorAtlas.sample(uSmp, in.vUV);
            }
            else
            {
                if (in.vIsGlyph > 0.5)
                {
                    out.frag = float4(in.vColor.xyz, powr(uAtlas.sample(uSmp, in.vUV).x, 1.0 / mix(1.2000000476837158203125, 1.60000002384185791015625, dot(in.vColor.xyz, float3(0.2125999927520751953125, 0.715200006961822509765625, 0.072200000286102294921875)))));
                }
                else
                {
                    if (in.vRadius > 0.0)
                    {
                        float2 param_3 = in.vLocal;
                        float2 param_4 = in.vHalf;
                        float param_5 = in.vRadius;
                        out.frag = float4(in.vColor.xyz, ((1.0 - smoothstep(-0.75, 0.75, sd_round_box(param_3, param_4, param_5))) * _897.uOpacity) * in.vColor.w);
                    }
                    else
                    {
                        out.frag = float4(in.vColor.xyz, _897.uOpacity * in.vColor.w);
                    }
                }
            }
        }
        return out;
    }

*/
static const uint8_t cell_fs_source_metal_macos[8935] = {
    0x23,0x70,0x72,0x61,0x67,0x6d,0x61,0x20,0x63,0x6c,0x61,0x6e,0x67,0x20,0x64,0x69,
    0x61,0x67,0x6e,0x6f,0x73,0x74,0x69,0x63,0x20,0x69,0x67,0x6e,0x6f,0x72,0x65,0x64,
    0x20,0x22,0x2d,0x57,0x6d,0x69,0x73,0x73,0x69,0x6e,0x67,0x2d,0x70,0x72,0x6f,0x74,
    0x6f,0x74,0x79,0x70,0x65,0x73,0x22,0x0a,0x0a,0x23,0x69,0x6e,0x63,0x6c,0x75,0x64,
    0x65,0x20,0x3c,0x6d,0x65,0x74,0x61,0x6c,0x5f,0x73,0x74,0x64,0x6c,0x69,0x62,0x3e,
    0x0a,0x23,0x69,0x6e,0x63,0x6c,0x75,0x64,0x65,0x20,0x3c,0x73,0x69,0x6d,0x64,0x2f,
    0x73,0x69,0x6d,0x64,0x2e,0x68,0x3e,0x0a,0x0a,0x75,0x73,0x69,0x6e,0x67,0x20,0x6e,
    0x61,0x6d,0x65,0x73,0x70,0x61,0x63,0x65,0x20,0x6d,0x65,0x74,0x61,0x6c,0x3b,0x0a,
    0x0a,0x73,0x74,0x72,0x75,0x63,0x74,0x20,0x63,0x65,0x6c,0x6c,0x5f,0x66,0x73,0x5f,
    0x70,0x61,0x72,0x61,0x6d,0x73,0x0a,0x7b,0x0a,0x20,0x20,0x20,0x20,0x66,0x6c,0x6f,
    0x61,0x74,0x20,0x75,0x4f,0x70,0x61,0x63,0x69,0x74,0x79,0x3b,0x0a,0x7d,0x3b,0x0a,
    0x0a,0x73,0x74,0x72,0x75,0x63,0x74,0x20,0x6d,0x61,0x69,0x6e,0x30,0x5f,0x6f,0x75,
    0x74,0x0a,0x7b,0x0a,0x20,0x20,0x20,0x20,0x66,0x6c,0x6f,0x61,0x74,0x34,0x20,0x66,
    0x72,0x61,0x67,0x20,0x5b,0x5b,0x63,0x6f,0x6c,0x6f,0x72,0x28,0x30,0x29,0x5d,0x5d,
    0x3b,0x0a,0x7d,0x3b,0x0a,0x0a,0x73,0x74,0x72,0x75,0x63,0x74,0x20,0x6d,0x61,0x69,
    0x6e,0x30,0x5f,0x69,0x6e,0x0a,0x7b,0x0a,0x20,0x20,0x20,0x20,0x66,0x6c,0x6f,0x61,
    0x74,0x32,0x20,0x76,0x55,0x56,0x20,0x5b,0x5b,0x75,0x73,0x65,0x72,0x28,0x6c,0x6f,
    0x63,0x6e,0x30,0x29,0x5d,0x5d,0x3b,0x0a,0x20,0x20,0x20,0x20,0x66,0x6c,0x6f,0x61,
    0x74,0x34,0x20,0x76,0x43,0x6f,0x6c,0x6f,0x72,0x20,0x5b,0x5b,0x75,0x73,0x65,0x72,
    0x28,0x6c,0x6f,0x63,0x6e,0x31,0x29,0x5d,0x5d,0x3b,0x0a,0x20,0x20,0x20,0x20,0x66,
    0x6c,0x6f,0x61,0x74,0x20,0x76,0x49,0x73,0x47,0x6c,0x79,0x70,0x68,0x20,0x5b,0x5b,
    0x75,0x73,0x65,0x72,0x28,0x6c,0x6f,0x63,0x6e,0x32,0x29,0x5d,0x5d,0x3b,0x0a,0x20,
    0x20,0x20,0x20,0x66,0x6c,0x6f,0x61,0x74,0x20,0x76,0x53,0x68,0x61,0x70,0x65,0x20,
    0x5b,0x5b,0x75,0x73,0x65,0x72,0x28,0x6c,0x6f,0x63,0x6e,0x33,0x29,0x5d,0x5d,0x3b,
    0x0a,0x20,0x20,0x20,0x20,0x66,0x6c,0x6f,0x61,0x74,0x32,0x20,0x76,0x4c,0x6f,0x63,
    0x61,0x6c,0x20,0x5b,0x5b,0x75,0x73,0x65,0x72,0x28,0x6c,0x6f,0x63,0x6e,0x34,0x29,
    0x5d,0x5d,0x3b,0x0a,0x20,0x20,0x20,0x20,0x66,0x6c,0x6f,0x61,0x74,0x32,0x20,0x76,
    0x48,0x61,0x6c,0x66,0x20,0x5b,0x5b,0x75,0x73,0x65,0x72,0x28,0x6c,0x6f,0x63,0x6e,
    0x35,0x29,0x5d,0x5d,0x3b,0x0a,0x20,0x20,0x20,0x20,0x66,0x6c,0x6f,0x61,0x74,0x20,
    0x76,0x52,0x61,0x64,0x69,0x75,0x73,0x20,0x5b,0x5b,0x75,0x73,0x65,0x72,0x28,0x6c,
    0x6f,0x63,0x6e,0x36,0x29,0x5d,0x5d,0x3b,0x0a,0x7d,0x3b,0x0a,0x0a,0x73,0x74,0x61,
    0x74,0x69,0x63,0x20,0x69,0x6e,0x6c,0x69,0x6e,0x65,0x20,0x5f,0x5f,0x61,0x74,0x74,
    0x72,0x69,0x62,0x75,0x74,0x65,0x5f,0x5f,0x28,0x28,0x61,0x6c,0x77,0x61,0x79,0x73,
    0x5f,0x69,0x6e,0x6c,0x69,0x6e,0x65,0x29,0x29,0x0a,0x66,0x6c,0x6f,0x61,0x74,0x20,
    0x73,0x64,0x5f,0x74,0x72,0x69,0x61,0x6e,0x67,0x6c,0x65,0x28,0x74,0x68,0x72,0x65,
    0x61,0x64,0x20,0x63,0x6f,0x6e,0x73,0x74,0x20,0x66,0x6c,0x6f,0x61,0x74,0x32,0x26,
    0x20,0x70,0x2c,0x20,0x74,0x68,0x72,0x65,0x61,0x64,0x20,0x63,0x6f,0x6e,0x73,0x74,
    0x20,0x66,0x6c,0x6f,0x61,0x74,0x32,0x26,0x20,0x61,0x2c,0x20,0x74,0x68,0x72,0x65,
    0x61,0x64,0x20,0x63,0x6f,0x6e,0x73,0x74,0x20,0x66,0x6c,0x6f,0x61,0x74,0x32,0x26,
    0x20,0x62,0x2c,0x20,0x74,0x68,0x72,0x65,0x61,0x64,0x20,0x63,0x6f,0x6e,0x73,0x74,
    0x20,0x66,0x6c,0x6f,0x61,0x74,0x32,0x26,0x20,0x63,0x29,0x0a,0x7b,0x0a,0x20,0x20,
    0x20,0x20,0x66,0x6c,0x6f,0x61,0x74,0x32,0x20,0x5f,0x37,0x36,0x20,0x3d,0x20,0x62,
    0x20,0x2d,0x20,0x61,0x3b,0x0a,0x20,0x20,0x20,0x20,0x66,0x6c,0x6f,0x61,0x74,0x32,
    0x20,0x5f,0x38,0x30,0x20,0x3d,0x20,0x63,0x20,0x2d,0x20,0x62,0x3b,0x0a,0x20,0x20,
    0x20,0x20,0x66,0x6c,0x6f,0x61,0x74,0x32,0x20,0x5f,0x38,0x34,0x20,0x3d,0x20,0x61,
    0x20,0x2d,0x20,0x63,0x3b,0x0a,0x20,0x20,0x20,0x20,0x66,0x6c,0x6f,0x61,0x74,0x32,
    0x20,0x5f,0x38,0x38,0x20,0x3d,0x20,0x70,0x20,0x2d,0x20,0x61,0x3b,0x0a,0x20,0x20,
    0x20,0x20,0x66,0x6c,0x6f,0x61,0x74,0x32,0x20,0x5f,0x39,0x32,0x20,0x3d,0x20,0x70,
    0x20,0x2d,0x20,0x62,0x3b,0x0a,0x20,0x20,0x20,0x20,0x66,0x6c,0x6f,0x61,0x74,0x32,
    0x20,0x5f,0x39,0x36,0x20,0x3d,0x20,0x70,0x20,0x2d,0x20,0x63,0x3b,0x0a,0x20,0x20,
    0x20,0x20,0x66,0x6c,0x6f,0x61,0x74,0x32,0x20,0x5f,0x31,0x31,0x30,0x20,0x3d,0x20,
    0x5f,0x38,0x38,0x20,0x2d,0x20,0x28,0x5f,0x37,0x36,0x20,0x2a,0x20,0x66,0x61,0x73,
    0x74,0x3a,0x3a,0x63,0x6c,0x61,0x6d,0x70,0x28,0x64,0x6f,0x74,0x28,0x5f,0x38,0x38,
    0x2c,0x20,0x5f,0x37,0x36,0x29,0x20,0x2f,0x20,0x64,0x6f,0x74,0x28,0x5f,0x37,0x36,
    0x2c,0x20,0x5f,0x37,0x36,0x29,0x2c,0x20,0x30,0x2e,0x30,0x2c,0x20,0x31,0x2e,0x30,
    0x29,0x29,0x3b,0x0a,0x20,0x20,0x20,0x20,0x66,0x6c,0x6f,0x61,0x74,0x32,0x20,0x5f,
    0x31,0x32,0x33,0x20,0x3d,0x20,0x5f,0x39,0x32,0x20,0x2d,0x20,0x28,0x5f,0x38,0x30,
    0x20,0x2a,0x20,0x66,0x61,0x73,0x74,0x3a,0x3a,0x63,0x6c,0x61,0x6d,0x70,0x28,0x64,
    0x6f,0x74,0x28,0x5f,0x39,0x32,0x2c,0x20,0x5f,0x38,0x30,0x29,0x20,0x2f,0x20,0x64,
    0x6f,0x74,0x28,0x5f,0x38,0x30,0x2c,0x20,0x5f,0x38,0x30,0x29,0x2c,0x20,0x30,0x2e,
    0x30,0x2c,0x20,0x31,0x2e,0x30,0x29,0x29,0x3b,0x0a,0x20,0x20,0x20,0x20,0x66,0x6c,
    0x6f,0x61,0x74,0x32,0x20,0x5f,0x31,0x33,0x36,0x20,0x3d,0x20,0x5f,0x39,0x36,0x20,
    0x2d,0x20,0x28,0x5f,0x38,0x34,0x20,0x2a,0x20,0x66,0x61,0x73,0x74,0x3a,0x3a,0x63,
    0x6c,0x61,0x6d,0x70,0x28,0x64,0x6f,0x74,0x28,0x5f,0x39,0x36,0x2c,0x20,0x5f,0x38,
    0x34,0x29,0x20,0x2f,0x20,0x64,0x6f,0x74,0x28,0x5f,0x38,0x34,0x2c,0x20,0x5f,0x38,
    0x34,0x29,0x2c,0x20,0x30,0x2e,0x30,0x2c,0x20,0x31,0x2e,0x30,0x29,0x29,0x3b,0x0a,
    0x20,0x20,0x20,0x20,0x66,0x6c,0x6f,0x61,0x74,0x20,0x5f,0x31,0x33,0x39,0x20,0x3d,
    0x20,0x5f,0x37,0x36,0x2e,0x78,0x3b,0x0a,0x20,0x20,0x20,0x20,0x66,0x6c,0x6f,0x61,
    0x74,0x20,0x5f,0x31,0x34,0x31,0x20,0x3d,0x20,0x5f,0x38,0x34,0x2e,0x79,0x3b,0x0a,
    0x20,0x20,0x20,0x20,0x66,0x6c,0x6f,0x61,0x74,0x20,0x5f,0x31,0x34,0x34,0x20,0x3d,
    0x20,0x5f,0x37,0x36,0x2e,0x79,0x3b,0x0a,0x20,0x20,0x20,0x20,0x66,0x6c,0x6f,0x61,
    0x74,0x20,0x5f,0x31,0x34,0x36,0x20,0x3d,0x20,0x5f,0x38,0x34,0x2e,0x78,0x3b,0x0a,
    0x20,0x20,0x20,0x20,0x66,0x6c,0x6f,0x61,0x74,0x20,0x5f,0x31,0x34,0x39,0x20,0x3d,
    0x20,0x73,0x69,0x67,0x6e,0x28,0x28,0x5f,0x31,0x33,0x39,0x20,0x2a,0x20,0x5f,0x31,
    0x34,0x31,0x29,0x20,0x2d,0x20,0x28,0x5f,0x31,0x34,0x34,0x20,0x2a,0x20,0x5f,0x31,
    0x34,0x36,0x29,0x29,0x3b,0x0a,0x20,0x20,0x20,0x20,0x66,0x6c,0x6f,0x61,0x74,0x32,
    0x20,0x5f,0x32,0x30,0x33,0x20,0x3d,0x20,0x66,0x61,0x73,0x74,0x3a,0x3a,0x6d,0x69,
    0x6e,0x28,0x66,0x61,0x73,0x74,0x3a,0x3a,0x6d,0x69,0x6e,0x28,0x66,0x6c,0x6f,0x61,
    0x74,0x32,0x28,0x64,0x6f,0x74,0x28,0x5f,0x31,0x31,0x30,0x2c,0x20,0x5f,0x31,0x31,
    0x30,0x29,0x2c,0x20,0x5f,0x31,0x34,0x39,0x20,0x2a,0x20,0x28,0x28,0x5f,0x38,0x38,
    0x2e,0x78,0x20,0x2a,0x20,0x5f,0x31,0x34,0x34,0x29,0x20,0x2d,0x20,0x28,0x5f,0x38,
    0x38,0x2e,0x79,0x20,0x2a,0x20,0x5f,0x31,0x33,0x39,0x29,0x29,0x29,0x2c,0x20,0x66,
    0x6c,0x6f,0x61,0x74,0x32,0x28,0x64,0x6f,0x74,0x28,0x5f,0x31,0x32,0x33,0x2c,0x20,
    0x5f,0x31,0x32,0x33,0x29,0x2c,0x20,0x5f,0x31,0x34,0x39,0x20,0x2a,0x20,0x28,0x28,
    0x5f,0x39,0x32,0x2e,0x78,0x20,0x2a,0x20,0x5f,0x38,0x30,0x2e,0x79,0x29,0x20,0x2d,
    0x20,0x28,0x5f,0x39,0x32,0x2e,0x79,0x20,0x2a,0x20,0x5f,0x38,0x30,0x2e,0x78,0x29,
    0x29,0x29,0x29,0x2c,0x20,0x66,0x6c,0x6f,0x61,0x74,0x32,0x28,0x64,0x6f,0x74,0x28,
    0x5f,0x31,0x33,0x36,0x2c,0x20,0x5f,0x31,0x33,0x36,0x29,0x2c,0x20,0x5f,0x31,0x34,
    0x39,0x20,0x2a,0x20,0x28,0x28,0x5f,0x39,0x36,0x2e,0x78,0x20,0x2a,0x20,0x5f,0x31,
    0x34,0x31,0x29,0x20,0x2d,0x20,0x28,0x5f,0x39,0x36,0x2e,0x79,0x20,0x2a,0x20,0x5f,
    0x31,0x34,0x36,0x29,0x29,0x29,0x29,0x3b,0x0a,0x20,0x20,0x20,0x20,0x72,0x65,0x74,
    0x75,0x72,0x6e,0x20,0x28,0x2d,0x73,0x71,0x72,0x74,0x28,0x5f,0x32,0x30,0x33,0x2e,
    0x78,0x29,0x29,0x20,0x2a,0x20,0x73,0x69,0x67,0x6e,0x28,0x5f,0x32,0x30,0x33,0x2e,
    0x79,0x29,0x3b,0x0a,0x7d,0x0a,0x0a,0x73,0x74,0x61,0x74,0x69,0x63,0x20,0x69,0x6e,
    0x6c,0x69,0x6e,0x65,0x20,0x5f,0x5f,0x61,0x74,0x74,0x72,0x69,0x62,0x75,0x74,0x65,
    0x5f,0x5f,0x28,0x28,0x61,0x6c,0x77,0x61,0x79,0x73,0x5f,0x69,0x6e,0x6c,0x69,0x6e,
    0x65,0x29,0x29,0x0a,0x66,0x6c,0x6f,0x61,0x74,0x20,0x73,0x64,0x5f,0x61,0x72,0x63,
    0x28,0x74,0x68,0x72,0x65,0x61,0x64,0x20,0x63,0x6f,0x6e,0x73,0x74,0x20,0x66,0x6c,
    0x6f,0x61,0x74,0x32,0x26,0x20,0x70,0x2c,0x20,0x74,0x68,0x72,0x65,0x61,0x64,0x20,
    0x63,0x6f,0x6e,0x73,0x74,0x20,0x66,0x6c,0x6f,0x61,0x74,0x32,0x26,0x20,0x63,0x74,
    0x72,0x2c,0x20,0x74,0x68,0x72,0x65,0x61,0x64,0x20,0x63,0x6f,0x6e,0x73,0x74,0x20,
    0x66,0x6c,0x6f,0x61,0x74,0x26,0x20,0x72,0x2c,0x20,0x74,0x68,0x72,0x65,0x61,0x64,
    0x20,0x63,0x6f,0x6e,0x73,0x74,0x20,0x66,0x6c,0x6f,0x61,0x74,0x26,0x20,0x68,0x77,
    0x2c,0x20,0x74,0x68,0x72,0x65,0x61,0x64,0x20,0x63,0x6f,0x6e,0x73,0x74,0x20,0x66,
    0x6c,0x6f,0x61,0x74,0x32,0x26,0x20,0x71,0x75,0x61,0x64,0x29,0x0a,0x7b,0x0a,0x20,
    0x20,0x20,0x20,0x66,0x6c,0x6f,0x61,0x74,0x32,0x20,0x5f,0x32,0x34,0x34,0x20,0x3d,
    0x20,0x70,0x20,0x2d,0x20,0x63,0x74,0x72,0x3b,0x0a,0x20,0x20,0x20,0x20,0x72,0x65,
    0x74,0x75,0x72,0x6e,0x20,0x66,0x61,0x73,0x74,0x3a,0x3a,0x6d,0x61,0x78,0x28,0x61,
    0x62,0x73,0x28,0x6c,0x65,0x6e,0x67,0x74,0x68,0x28,0x5f,0x32,0x34,0x34,0x29,0x20,
    0x2d,0x20,0x72,0x29,0x20,0x2d,0x20,0x68,0x77,0x2c,0x20,0x2d,0x66,0x61,0x73,0x74,
    0x3a,0x3a,0x6d,0x69,0x6e,0x28,0x71,0x75,0x61,0x64,0x2e,0x78,0x20,0x2a,0x20,0x5f,
    0x32,0x34,0x34,0x2e,0x78,0x2c,0x20,0x71,0x75,0x61,0x64,0x2e,0x79,0x20,0x2a,0x20,
    0x5f,0x32,0x34,0x34,0x2e,0x79,0x29,0x29,0x3b,0x0a,0x7d,0x0a,0x0a,0x73,0x74,0x61,
    0x74,0x69,0x63,0x20,0x69,0x6e,0x6c,0x69,0x6e,0x65,0x20,0x5f,0x5f,0x61,0x74,0x74,
    0x72,0x69,0x62,0x75,0x74,0x65,0x5f,0x5f,0x28,0x28,0x61,0x6c,0x77,0x61,0x79,0x73,
    0x5f,0x69,0x6e,0x6c,0x69,0x6e,0x65,0x29,0x29,0x0a,0x66,0x6c,0x6f,0x61,0x74,0x20,
    0x73,0x64,0x5f,0x73,0x65,0x67,0x28,0x74,0x68,0x72,0x65,0x61,0x64,0x20,0x63,0x6f,
    0x6e,0x73,0x74,0x20,0x66,0x6c,0x6f,0x61,0x74,0x32,0x26,0x20,0x70,0x2c,0x20,0x74,
    0x68,0x72,0x65,0x61,0x64,0x20,0x63,0x6f,0x6e,0x73,0x74,0x20,0x66,0x6c,0x6f,0x61,
    0x74,0x32,0x26,0x20,0x61,0x2c,0x20,0x74,0x68,0x72,0x65,0x61,0x64,0x20,0x63,0x6f,
    0x6e,0x73,0x74,0x20,0x66,0x6c,0x6f,0x61,0x74,0x32,0x26,0x20,0x62,0x2c,0x20,0x74,
    0x68,0x72,0x65,0x61,0x64,0x20,0x63,0x6f,0x6e,0x73,0x74,0x20,0x66,0x6c,0x6f,0x61,
    0x74,0x26,0x20,0x68,0x77,0x29,0x0a,0x7b,0x0a,0x20,0x20,0x20,0x20,0x66,0x6c,0x6f,
    0x61,0x74,0x32,0x20,0x5f,0x32,0x31,0x37,0x20,0x3d,0x20,0x70,0x20,0x2d,0x20,0x61,
    0x3b,0x0a,0x20,0x20,0x20,0x20,0x66,0x6c,0x6f,0x61,0x74,0x32,0x20,0x5f,0x32,0x32,
    0x31,0x20,0x3d,0x20,0x62,0x20,0x2d,0x20,0x61,0x3b,0x0a,0x20,0x20,0x20,0x20,0x72,
    0x65,0x74,0x75,0x72,0x6e,0x20,0x6c,0x65,0x6e,0x67,0x74,0x68,0x28,0x5f,0x32,0x31,
    0x37,0x20,0x2d,0x20,0x28,0x5f,0x32,0x32,0x31,0x20,0x2a,0x20,0x66,0x61,0x73,0x74,
    0x3a,0x3a,0x63,0x6c,0x61,0x6d,0x70,0x28,0x64,0x6f,0x74,0x28,0x5f,0x32,0x31,0x37,
    0x2c,0x20,0x5f,0x32,0x32,0x31,0x29,0x20,0x2f,0x20,0x64,0x6f,0x74,0x28,0x5f,0x32,
    0x32,0x31,0x2c,0x20,0x5f,0x32,0x32,0x31,0x29,0x2c,0x20,0x30,0x2e,0x30,0x2c,0x20,
    0x31,0x2e,0x30,0x29,0x29,0x29,0x20,0x2d,0x20,0x68,0x77,0x3b,0x0a,0x7d,0x0a,0x0a,
    0x73,0x74,0x61,0x74,0x69,0x63,0x20,0x69,0x6e,0x6c,0x69,0x6e,0x65,0x20,0x5f,0x5f,
    0x61,0x74,0x74,0x72,0x69,0x62,0x75,0x74,0x65,0x5f,0x5f,0x28,0x28,0x61,0x6c,0x77,
    0x61,0x79,0x73,0x5f,0x69,0x6e,0x6c,0x69,0x6e,0x65,0x29,0x29,0x0a,0x66,0x6c,0x6f,
    0x61,0x74,0x20,0x73,0x64,0x66,0x5f,0x73,0x68,0x61,0x70,0x65,0x28,0x74,0x68,0x72,
    0x65,0x61,0x64,0x20,0x63,0x6f,0x6e,0x73,0x74,0x20,0x69,0x6e,0x74,0x26,0x20,0x73,
    0x68,0x2c,0x20,0x74,0x68,0x72,0x65,0x61,0x64,0x20,0x63,0x6f,0x6e,0x73,0x74,0x20,
    0x66,0x6c,0x6f,0x61,0x74,0x32,0x26,0x20,0x70,0x2c,0x20,0x74,0x68,0x72,0x65,0x61,
    0x64,0x20,0x63,0x6f,0x6e,0x73,0x74,0x20,0x66,0x6c,0x6f,0x61,0x74,0x32,0x26,0x20,
    0x68,0x66,0x29,0x0a,0x7b,0x0a,0x20,0x20,0x20,0x20,0x66,0x6c,0x6f,0x61,0x74,0x20,
    0x5f,0x32,0x37,0x38,0x20,0x3d,0x20,0x66,0x61,0x73,0x74,0x3a,0x3a,0x6d,0x69,0x6e,
    0x28,0x68,0x66,0x2e,0x78,0x2c,0x20,0x68,0x66,0x2e,0x79,0x29,0x20,0x2a,0x20,0x30,
    0x2e,0x35,0x3b,0x0a,0x20,0x20,0x20,0x20,0x69,0x66,0x20,0x28,0x73,0x68,0x20,0x3d,
    0x3d,0x20,0x31,0x29,0x0a,0x20,0x20,0x20,0x20,0x7b,0x0a,0x20,0x20,0x20,0x20,0x20,
    0x20,0x20,0x20,0x66,0x6c,0x6f,0x61,0x74,0x32,0x20,0x70,0x61,0x72,0x61,0x6d,0x20,
    0x3d,0x20,0x70,0x3b,0x0a,0x20,0x20,0x20,0x20,0x20,0x20,0x20,0x20,0x66,0x6c,0x6f,
    0x61,0x74,0x32,0x20,0x70,0x61,0x72,0x61,0x6d,0x5f,0x31,0x20,0x3d,0x20,0x66,0x6c,
    0x6f,0x61,0x74,0x32,0x28,0x2d,0x68,0x66,0x2e,0x78,0x2c,0x20,0x2d,0x68,0x66,0x2e,
    0x79,0x29,0x3b,0x0a,0x20,0x20,0x20,0x20,0x20,0x20,0x20,0x20,0x66,0x6c,0x6f,0x61,
    0x74,0x32,0x20,0x70,0x61,0x72,0x61,0x6d,0x5f,0x32,0x20,0x3d,0x20,0x66,0x6c,0x6f,
    0x61,0x74,0x32,0x28,0x68,0x66,0x2e,0x78,0x2c,0x20,0x30,0x2e,0x30,0x29,0x3b,0x0a,
    0x20,0x20,0x20,0x20,0x20,0x20,0x20,0x20,0x66,0x6c,0x6f,0x61,0x74,0x32,0x20,0x70,
    0x61,0x72,0x61,0x6d,0x5f,0x33,0x20,0x3d,0x20,0x66,0x6c,0x6f,0x61,0x74,0x32,0x28,
    0x2d,0x68,0x66,0x2e,0x78,0x2c,0x20,0x68,0x66,0x2e,0x79,0x29,0x3b,0x0a,0x20,0x20,
    0x20,0x20,0x20,0x20,0x20,0x20,0x72,0x65,0x74,0x75,0x72,0x6e,0x20,0x73,0x64,0x5f,
    0x74,0x72,0x69,0x61,0x6e,0x67,0x6c,0x65,0x28,0x70,0x61,0x72,0x61,0x6d,0x2c,0x20,
    0x70,0x61,0x72,0x61,0x6d,0x5f,0x31,0x2c,0x20,0x70,0x61,0x72,0x61,0x6d,0x5f,0x32,
    0x2c,0x20,0x70,0x61,0x72,0x61,0x6d,0x5f,0x33,0x29,0x3b,0x0a,0x20,0x20,0x20,0x20,
    0x7d,0x0a,0x20,0x20,0x20,0x20,0x69,0x66,0x20,0x28,0x73,0x68,0x20,0x3d,0x3d,0x20,
    0x32,0x29,0x0a,0x20,0x20,0x20,0x20,0x7b,0x0a,0x20,0x20,0x20,0x20,0x20,0x20,0x20,
    0x20,0x66,0x6c,0x6f,0x61,0x74,0x32,0x20,0x70,0x61,0x72,0x61,0x6d,0x5f,0x34,0x20,
    0x3d,0x20,0x70,0x3b,0x0a,0x20,0x20,0x20,0x20,0x20,0x20,0x20,0x20,0x66,0x6c,0x6f,
    0x61,0x74,0x32,0x20,0x70,0x61,0x72,0x61,0x6d,0x5f,0x35,0x20,0x3d,0x20,0x66,0x6c,
    0x6f,0x61,0x74,0x32,0x28,0x68,0x66,0x2e,0x78,0x2c,0x20,0x2d,0x68,0x66,0x2e,0x79,
    0x29,0x3b,0x0a,0x20,0x20,0x20,0x20,0x20,0x20,0x20,0x20,0x66,0x6c,0x6f,0x61,0x74,
    0x32,0x20,0x70,0x61,0x72,0x61,0x6d,0x5f,0x36,0x20,0x3d,0x20,0x66,0x6c,0x6f,0x61,
    0x74,0x32,0x28,0x2d,0x68,0x66,0x2e,0x78,0x2c,0x20,0x30,0x2e,0x30,0x29,0x3b,0x0a,
    0x20,0x20,0x20,0x20,0x20,0x20,0x20,0x20,0x66,0x6c,0x6f,0x61,0x74,0x32,0x20,0x70,
    0x61,0x72,0x61,0x6d,0x5f,0x37,0x20,0x3d,0x20,0x66,0x6c,0x6f,0x61,0x74,0x32,0x28,
    0x68,0x66,0x2e,0x78,0x2c,0x20,0x68,0x66,0x2e,0x79,0x29,0x3b,0x0a,0x20,0x20,0x20,
    0x20,0x20,0x20,0x20,0x20,0x72,0x65,0x74,0x75,0x72,0x6e,0x20,0x73,0x64,0x5f,0x74,
    0x72,0x69,0x61,0x6e,0x67,0x6c,0x65,0x28,0x70,0x61,0x72,0x61,0x6d,0x5f,0x34,0x2c,
    0x20,0x70,0x61,0x72,0x61,0x6d,0x5f,0x35,0x2c,0x20,0x70,0x61,0x72,0x61,0x6d,0x5f,
    0x36,0x2c,0x20,0x70,0x61,0x72,0x61,0x6d,0x5f,0x37,0x29,0x3b,0x0a,0x20,0x20,0x20,
    0x20,0x7d,0x0a,0x20,0x20,0x20,0x20,0x69,0x66,0x20,0x28,0x73,0x68,0x20,0x3d,0x3d,
    0x20,0x33,0x29,0x0a,0x20,0x20,0x20,0x20,0x7b,0x0a,0x20,0x20,0x20,0x20,0x20,0x20,
    0x20,0x20,0x66,0x6c,0x6f,0x61,0x74,0x32,0x20,0x70,0x61,0x72,0x61,0x6d,0x5f,0x38,
    0x20,0x3d,0x20,0x70,0x3b,0x0a,0x20,0x20,0x20,0x20,0x20,0x20,0x20,0x20,0x66,0x6c,
    0x6f,0x61,0x74,0x32,0x20,0x70,0x61,0x72,0x61,0x6d,0x5f,0x39,0x20,0x3d,0x20,0x66,
    0x6c,0x6f,0x61,0x74,0x32,0x28,0x2d,0x68,0x66,0x2e,0x78,0x2c,0x20,0x2d,0x68,0x66,
    0x2e,0x79,0x29,0x3b,0x0a,0x20,0x20,0x20,0x20,0x20,0x20,0x20,0x20,0x66,0x6c,0x6f,
    0x61,0x74,0x32,0x20,0x70,0x61,0x72,0x61,0x6d,0x5f,0x31,0x30,0x20,0x3d,0x20,0x66,
    0x6c,0x6f,0x61,0x74,0x32,0x28,0x68,0x66,0x2e,0x78,0x2c,0x20,0x30,0x2e,0x30,0x29,
    0x3b,0x0a,0x20,0x20,0x20,0x20,0x20,0x20,0x20,0x20,0x66,0x6c,0x6f,0x61,0x74,0x32,
    0x20,0x70,0x61,0x72,0x61,0x6d,0x5f,0x31,0x31,0x20,0x3d,0x20,0x66,0x6c,0x6f,0x61,
    0x74,0x32,0x28,0x2d,0x68,0x66,0x2e,0x78,0x2c,0x20,0x68,0x66,0x2e,0x79,0x29,0x3b,
    0x0a,0x20,0x20,0x20,0x20,0x20,0x20,0x20,0x20,0x66,0x6c,0x6f,0x61,0x74,0x32,0x20,
    0x70,0x61,0x72,0x61,0x6d,0x5f,0x31,0x32,0x20,0x3d,0x20,0x70,0x3b,0x0a,0x20,0x20,
    0x20,0x20,0x20,0x20,0x20,0x20,0x66,0x6c,0x6f,0x61,0x74,0x32,0x20,0x70,0x61,0x72,
    0x61,0x6d,0x5f,0x31,0x33,0x20,0x3d,0x20,0x66,0x6c,0x6f,0x61,0x74,0x32,0x28,0x28,
    0x2d,0x68,0x66,0x2e,0x78,0x29,0x20,0x2b,0x20,0x5f,0x32,0x37,0x38,0x2c,0x20,0x28,
    0x2d,0x68,0x66,0x2e,0x79,0x29,0x20,0x2b,0x20,0x5f,0x32,0x37,0x38,0x29,0x3b,0x0a,
    0x20,0x20,0x20,0x20,0x20,0x20,0x20,0x20,0x66,0x6c,0x6f,0x61,0x74,0x32,0x20,0x70,
    0x61,0x72,0x61,0x6d,0x5f,0x31,0x34,0x20,0x3d,0x20,0x66,0x6c,0x6f,0x61,0x74,0x32,
    0x28,0x68,0x66,0x2e,0x78,0x20,0x2d,0x20,0x5f,0x32,0x37,0x38,0x2c,0x20,0x30,0x2e,
    0x30,0x29,0x3b,0x0a,0x20,0x20,0x20,0x20,0x20,0x20,0x20,0x20,0x66,0x6c,0x6f,0x61,
    0x74,0x32,0x20,0x70,0x61,0x72,0x61,0x6d,0x5f,0x31,0x35,0x20,0x3d,0x20,0x66,0x6c,
    0x6f,0x61,0x74,0x32,0x28,0x28,0x2d,0x68,0x66,0x2e,0x78,0x29,0x20,0x2b,0x20,0x5f,
    0x32,0x37,0x38,0x2c,0x20,0x68,0x66,0x2e,0x79,0x20,0x2d,0x20,0x5f,0x32,0x37,0x38,
    0x29,0x3b,0x0a,0x20,0x20,0x20,0x20,0x20,0x20,0x20,0x20,0x72,0x65,0x74,0x75,0x72,
    0x6e,0x20,0x66,0x61,0x73,0x74,0x3a,0x3a,0x6d,0x61,0x78,0x28,0x73,0x64,0x5f,0x74,
    0x72,0x69,0x61,0x6e,0x67,0x6c,0x65,0x28,0x70,0x61,0x72,0x61,0x6d,0x5f,0x38,0x2c,
    0x20,0x70,0x61,0x72,0x61,0x6d,0x5f,0x39,0x2c,0x20,0x70,0x61,0x72,0x61,0x6d,0x5f,
    0x31,0x30,0x2c,0x20,0x70,0x61,0x72,0x61,0x6d,0x5f,0x31,0x31,0x29,0x2c,0x20,0x2d,
    0x73,0x64,0x5f,0x74,0x72,0x69,0x61,0x6e,0x67,0x6c,0x65,0x28,0x70,0x61,0x72,0x61,
    0x6d,0x5f,0x31,0x32,0x2c,0x20,0x70,0x61,0x72,0x61,0x6d,0x5f,0x31,0x33,0x2c,0x20,
    0x70,0x61,0x72,0x61,0x6d,0x5f,0x31,0x34,0x2c,0x20,0x70,0x61,0x72,0x61,0x6d,0x5f,
    0x31,0x35,0x29,0x29,0x3b,0x0a,0x20,0x20,0x20,0x20,0x7d,0x0a,0x20,0x20,0x20,0x20,
    0x69,0x66,0x20,0x28,0x73,0x68,0x20,0x3d,0x3d,0x20,0x34,0x29,0x0a,0x20,0x20,0x20,
    0x20,0x7b,0x0a,0x20,0x20,0x20,0x20,0x20,0x20,0x20,0x20,0x66,0x6c,0x6f,0x61,0x74,
    0x32,0x20,0x70,0x61,0x72,0x61,0x6d,0x5f,0x31,0x36,0x20,0x3d,0x20,0x70,0x3b,0x0a,
    0x20,0x20,0x20,0x20,0x20,0x20,0x20,0x20,0x66,0x6c,0x6f,0x61,0x74,0x32,0x20,0x70,
    0x61,0x72,0x61,0x6d,0x5f,0x31,0x37,0x20,0x3d,0x20,0x66,0x6c,0x6f,0x61,0x74,0x32,
    0x28,0x68,0x66,0x2e,0x78,0x2c,0x20,0x2d,0x68,0x66,0x2e,0x79,0x29,0x3b,0x0a,0x20,
    0x20,0x20,0x20,0x20,0x20,0x20,0x20,0x66,0x6c,0x6f,0x61,0x74,0x32,0x20,0x70,0x61,
    0x72,0x61,0x6d,0x5f,0x31,0x38,0x20,0x3d,0x20,0x66,0x6c,0x6f,0x61,0x74,0x32,0x28,
    0x2d,0x68,0x66,0x2e,0x78,0x2c,0x20,0x30,0x2e,0x30,0x29,0x3b,0x0a,0x20,0x20,0x20,
    0x20,0x20,0x20,0x20,0x20,0x66,0x6c,0x6f,0x61,0x74,0x32,0x20,0x70,0x61,0x72,0x61,
    0x6d,0x5f,0x31,0x39,0x20,0x3d,0x20,0x66,0x6c,0x6f,0x61,0x74,0x32,0x28,0x68,0x66,
    0x2e,0x78,0x2c,0x20,0x68,0x66,0x2e,0x79,0x29,0x3b,0x0a,0x20,0x20,0x20,0x20,0x20,
    0x20,0x20,0x20,0x66,0x6c,0x6f,0x61,0x74,0x32,0x20,0x70,0x61,0x72,0x61,0x6d,0x5f,
    0x32,0x30,0x20,0x3d,0x20,0x70,0x3b,0x0a,0x20,0x20,0x20,0x20,0x20,0x20,0x20,0x20,
    0x66,0x6c,0x6f,0x61,0x74,0x32,0x20,0x70,0x61,0x72,0x61,0x6d,0x5f,0x32,0x31,0x20,
    0x3d,0x20,0x66,0x6c,0x6f,0x61,0x74,0x32,0x28,0x68,0x66,0x2e,0x78,0x20,0x2d,0x20,
    0x5f,0x32,0x37,0x38,0x2c,0x20,0x28,0x2d,0x68,0x66,0x2e,0x79,0x29,0x20,0x2b,0x20,
    0x5f,0x32,0x37,0x38,0x29,0x3b,0x0a,0x20,0x20,0x20,0x20,0x20,0x20,0x20,0x20,0x66,
    0x6c,0x6f,0x61,0x74,0x32,0x20,0x70,0x61,0x72,0x61,0x6d,0x5f,0x32,0x32,0x20,0x3d,
    0x20,0x66,0x6c,0x6f,0x61,0x74,0x32,0x28,0x28,0x2d,0x68,0x66,0x2e,0x78,0x29,0x20,
    0x2b,0x20,0x5f,0x32,0x37,0x38,0x2c,0x20,0x30,0x2e,0x30,0x29,0x3b,0x0a,0x20,0x20,
    0x20,0x20,0x20,0x20,0x20,0x20,0x66,0x6c,0x6f,0x61,0x74,0x32,0x20,0x70,0x61,0x72,
    0x61,0x6d,0x5f,0x32,0x33,0x20,0x3d,0x20,0x66,0x6c,0x6f,0x61,0x74,0x32,0x28,0x68,
    0x66,0x2e,0x78,0x20,0x2d,0x20,0x5f,0x32,0x37,0x38,0x2c,0x20,0x68,0x66,0x2e,0x79,
    0x20,0x2d,0x20,0x5f,0x32,0x37,0x38,0x29,0x3b,0x0a,0x20,0x20,0x20,0x20,0x20,0x20,
    0x20,0x20,0x72,0x65,0x74,0x75,0x72,0x6e,0x20,0x66,0x61,0x73,0x74,0x3a,0x3a,0x6d,
    0x61,0x78,0x28,0x73,0x64,0x5f,0x74,0x72,0x69,0x61,0x6e,0x67,0x6c,0x65,0x28,0x70,
    0x61,0x72,0x61,0x6d,0x5f,0x31,0x36,0x2c,0x20,0x70,0x61,0x72,0x61,0x6d,0x5f,0x31,
    0x37,0x2c,0x20,0x70,0x61,0x72,0x61,0x6d,0x5f,0x31,0x38,0x2c,0x20,0x70,0x61,0x72,
    0x61,0x6d,0x5f,0x31,0x39,0x29,0x2c,0x20,0x2d,0x73,0x64,0x5f,0x74,0x72,0x69,0x61,
    0x6e,0x67,0x6c,0x65,0x28,0x70,0x61,0x72,0x61,0x6d,0x5f,0x32,0x30,0x2c,0x20,0x70,
    0x61,0x72,0x61,0x6d,0x5f,0x32,0x31,0x2c,0x20,0x70,0x61,0x72,0x61,0x6d,0x5f,0x32,
    0x32,0x2c,0x20,0x70,0x61,0x72,0x61,0x6d,0x5f,0x32,0x33,0x29,0x29,0x3b,0x0a,0x20,
    0x20,0x20,0x20,0x7d,0x0a,0x20,0x20,0x20,0x20,0x66,0x6c,0x6f,0x61,0x74,0x20,0x5f,
    0x34,0x36,0x38,0x20,0x3d,0x20,0x66,0x61,0x73,0x74,0x3a,0x3a,0x6d,0x69,0x6e,0x28,
    0x68,0x66,0x2e,0x78,0x2c,0x20,0x68,0x66,0x2e,0x79,0x29,0x20,0x2a,0x20,0x30,0x2e,
    0x31,0x32,0x35,0x3b,0x0a,0x20,0x20,0x20,0x20,0x66,0x6c,0x6f,0x61,0x74,0x20,0x5f,
    0x34,0x37,0x34,0x20,0x3d,0x20,0x66,0x61,0x73,0x74,0x3a,0x3a,0x6d,0x69,0x6e,0x28,
    0x68,0x66,0x2e,0x78,0x2c,0x20,0x68,0x66,0x2e,0x79,0x29,0x3b,0x0a,0x20,0x20,0x20,
    0x20,0x69,0x66,0x20,0x28,0x73,0x68,0x20,0x3d,0x3d,0x20,0x35,0x29,0x0a,0x20,0x20,
    0x20,0x20,0x7b,0x0a,0x20,0x20,0x20,0x20,0x20,0x20,0x20,0x20,0x66,0x6c,0x6f,0x61,
    0x74,0x32,0x20,0x70,0x61,0x72,0x61,0x6d,0x5f,0x32,0x34,0x20,0x3d,0x20,0x70,0x3b,
    0x0a,0x20,0x20,0x20,0x20,0x20,0x20,0x20,0x20,0x66,0x6c,0x6f,0x61,0x74,0x32,0x20,
    0x70,0x61,0x72,0x61,0x6d,0x5f,0x32,0x35,0x20,0x3d,0x20,0x66,0x6c,0x6f,0x61,0x74,
    0x32,0x28,0x68,0x66,0x2e,0x78,0x2c,0x20,0x68,0x66,0x2e,0x79,0x29,0x3b,0x0a,0x20,
    0x20,0x20,0x20,0x20,0x20,0x20,0x20,0x66,0x6c,0x6f,0x61,0x74,0x20,0x70,0x61,0x72,
    0x61,0x6d,0x5f,0x32,0x36,0x20,0x3d,0x20,0x5f,0x34,0x37,0x34,0x3b,0x0a,0x20,0x20,
    0x20,0x20,0x20,0x20,0x20,0x20,0x66,0x6c,0x6f,0x61,0x74,0x20,0x70,0x61,0x72,0x61,
    0x6d,0x5f,0x32,0x37,0x20,0x3d,0x20,0x5f,0x34,0x36,0x38,0x3b,0x0a,0x20,0x20,0x20,
    0x20,0x20,0x20,0x20,0x20,0x66,0x6c,0x6f,0x61,0x74,0x32,0x20,0x70,0x61,0x72,0x61,
    0x6d,0x5f,0x32,0x38,0x20,0x3d,0x20,0x66,0x6c,0x6f,0x61,0x74,0x32,0x28,0x2d,0x31,
    0x2e,0x30,0x29,0x3b,0x0a,0x20,0x20,0x20,0x20,0x20,0x20,0x20,0x20,0x66,0x6c,0x6f,
    0x61,0x74,0x32,0x20,0x70,0x61,0x72,0x61,0x6d,0x5f,0x32,0x39,0x20,0x3d,0x20,0x70,
    0x3b,0x0a,0x20,0x20,0x20,0x20,0x20,0x20,0x20,0x20,0x66,0x6c,0x6f,0x61,0x74,0x32,
    0x20,0x70,0x61,0x72,0x61,0x6d,0x5f,0x33,0x30,0x20,0x3d,0x20,0x66,0x6c,0x6f,0x61,
    0x74,0x32,0x28,0x30,0x2e,0x30,0x2c,0x20,0x68,0x66,0x2e,0x79,0x20,0x2d,0x20,0x5f,
    0x34,0x37,0x34,0x29,0x3b,0x0a,0x20,0x20,0x20,0x20,0x20,0x20,0x20,0x20,0x66,0x6c,
    0x6f,0x61,0x74,0x32,0x20,0x70,0x61,0x72,0x61,0x6d,0x5f,0x33,0x31,0x20,0x3d,0x20,
    0x66,0x6c,0x6f,0x61,0x74,0x32,0x28,0x68,0x66,0x2e,0x78,0x2c,0x20,0x68,0x66,0x2e,
    0x79,0x20,0x2d,0x20,0x5f,0x34,0x37,0x34,0x29,0x3b,0x0a,0x20,0x20,0x20,0x20,0x20,
    0x20,0x20,0x20,0x66,0x6c,0x6f,0x61,0x74,0x20,0x70,0x61,0x72,0x61,0x6d,0x5f,0x33,
    0x32,0x20,0x3d,0x20,0x5f,0x34,0x36,0x38,0x3b,0x0a,0x20,0x20,0x20,0x20,0x20,0x20,
    0x20,0x20,0x66,0x6c,0x6f,0x61,0x74,0x32,0x20,0x70,0x61,0x72,0x61,0x6d,0x5f,0x33,
    0x33,0x20,0x3d,0x20,0x70,0x3b,0x0a,0x20,0x20,0x20,0x20,0x20,0x20,0x20,0x20,0x66,
    0x6c,0x6f,0x61,0x74,0x32,0x20,0x70,0x61,0x72,0x61,0x6d,0x5f,0x33,0x34,0x20,0x3d,
    0x20,0x66,0x6c,0x6f,0x61,0x74,0x32,0x28,0x68,0x66,0x2e,0x78,0x20,0x2d,0x20,0x5f,
    0x34,0x37,0x34,0x2c,0x20,0x30,0x2e,0x30,0x29,0x3b,0x0a,0x20,0x20,0x20,0x20,0x20,
    0x20,0x20,0x20,0x66,0x6c,0x6f,0x61,0x74,0x32,0x20,0x70,0x61,0x72,0x61,0x6d,0x5f,
    0x33,0x35,0x20,0x3d,0x20,0x66,0x6c,0x6f,0x61,0x74,0x32,0x28,0x68,0x66,0x2e,0x78,
    0x20,0x2d,0x20,0x5f,0x34,0x37,0x34,0x2c,0x20,0x68,0x66,0x2e,0x79,0x29,0x3b,0x0a,
    0x20,0x20,0x20,0x20,0x20,0x20,0x20,0x20,0x66,0x6c,0x6f,0x61,0x74,0x20,0x70,0x61,
    0x72,0x61,0x6d,0x5f,0x33,0x36,0x20,0x3d,0x20,0x5f,0x34,0x36,0x38,0x3b,0x0a,0x20,
    0x20,0x20,0x20,0x20,0x20,0x20,0x20,0x72,0x65,0x74,0x75,0x72,0x6e,0x20,0x66,0x61,
    0x73,0x74,0x3a,0x3a,0x6d,0x69,0x6e,0x28,0x73,0x64,0x5f,0x61,0x72,0x63,0x28,0x70,
    0x61,0x72,0x61,0x6d,0x5f,0x32,0x34,0x2c,0x20,0x70,0x61,0x72,0x61,0x6d,0x5f,0x32,
    0x35,0x2c,0x20,0x70,0x61,0x72,0x61,0x6d,0x5f,0x32,0x36,0x2c,0x20,0x70,0x61,0x72,
    0x61,0x6d,0x5f,0x32,0x37,0x2c,0x20,0x70,0x61,0x72,0x61,0x6d,0x5f,0x32,0x38,0x29,
    0x2c,0x20,0x66,0x61,0x73,0x74,0x3a,0x3a,0x6d,0x69,0x6e,0x28,0x73,0x64,0x5f,0x73,
    0x65,0x67,0x28,0x70,0x61,0x72,0x61,0x6d,0x5f,0x32,0x39,0x2c,0x20,0x70,0x61,0x72,
    0x61,0x6d,0x5f,0x33,0x30,0x2c,0x20,0x70,0x61,0x72,0x61,0x6d,0x5f,0x33,0x31,0x2c,
    0x20,0x70,0x61,0x72,0x61,0x6d,0x5f,0x33,0x32,0x29,0x2c,0x20,0x73,0x64,0x5f,0x73,
    0x65,0x67,0x28,0x70,0x61,0x72,0x61,0x6d,0x5f,0x33,0x33,0x2c,0x20,0x70,0x61,0x72,
    0x61,0x6d,0x5f,0x33,0x34,0x2c,0x20,0x70,0x61,0x72,0x61,0x6d,0x5f,0x33,0x35,0x2c,
    0x20,0x70,0x61,0x72,0x61,0x6d,0x5f,0x33,0x36,0x29,0x29,0x29,0x3b,0x0a,0x20,0x20,
    0x20,0x20,0x7d,0x0a,0x20,0x20,0x20,0x20,0x69,0x66,0x20,0x28,0x73,0x68,0x20,0x3d,
    0x3d,0x20,0x36,0x29,0x0a,0x20,0x20,0x20,0x20,0x7b,0x0a,0x20,0x20,0x20,0x20,0x20,
    0x20,0x20,0x20,0x66,0x6c,0x6f,0x61,0x74,0x32,0x20,0x70,0x61,0x72,0x61,0x6d,0x5f,
    0x33,0x37,0x20,0x3d,0x20,0x70,0x3b,0x0a,0x20,0x20,0x20,0x20,0x20,0x20,0x20,0x20,
    0x66,0x6c,0x6f,0x61,0x74,0x32,0x20,0x70,0x61,0x72,0x61,0x6d,0x5f,0x33,0x38,0x20,
    0x3d,0x20,0x66,0x6c,0x6f,0x61,0x74,0x32,0x28,0x2d,0x68,0x66,0x2e,0x78,0x2c,0x20,
    0x68,0x66,0x2e,0x79,0x29,0x3b,0x0a,0x20,0x20,0x20,0x20,0x20,0x20,0x20,0x20,0x66,
    0x6c,0x6f,0x61,0x74,0x20,0x70,0x61,0x72,0x61,0x6d,0x5f,0x33,0x39,0x20,0x3d,0x20,
    0x5f,0x34,0x37,0x34,0x3b,0x0a,0x20,0x20,0x20,0x20,0x20,0x20,0x20,0x20,0x66,0x6c,
    0x6f,0x61,0x74,0x20,0x70,0x61,0x72,0x61,0x6d,0x5f,0x34,0x30,0x20,0x3d,0x20,0x5f,
    0x34,0x36,0x38,0x3b,0x0a,0x20,0x20,0x20,0x20,0x20,0x20,0x20,0x20,0x66,0x6c,0x6f,
    0x61,0x74,0x32,0x20,0x70,0x61,0x72,0x61,0x6d,0x5f,0x34,0x31,0x20,0x3d,0x20,0x66,
    0x6c,0x6f,0x61,0x74,0x32,0x28,0x31,0x2e,0x30,0x2c,0x20,0x2d,0x31,0x2e,0x30,0x29,
    0x3b,0x0a,0x20,0x20,0x20,0x20,0x20,0x20,0x20,0x20,0x66,0x6c,0x6f,0x61,0x74,0x32,
    0x20,0x70,0x61,0x72,0x61,0x6d,0x5f,0x34,0x32,0x20,0x3d,0x20,0x70,0x3b,0x0a,0x20,
    0x20,0x20,0x20,0x20,0x20,0x20,0x20,0x66,0x6c,0x6f,0x61,0x74,0x32,0x20,0x70,0x61,
    0x72,0x61,0x6d,0x5f,0x34,0x33,0x20,0x3d,0x20,0x66,0x6c,0x6f,0x61,0x74,0x32,0x28,
    0x2d,0x68,0x66,0x2e,0x78,0x2c,0x20,0x68,0x66,0x2e,0x79,0x20,0x2d,0x20,0x5f,0x34,
    0x37,0x34,0x29,0x3b,0x0a,0x20,0x20,0x20,0x20,0x20,0x20,0x20,0x20,0x66,0x6c,0x6f,
    0x61,0x74,0x32,0x20,0x70,0x61,0x72,0x61,0x6d,0x5f,0x34,0x34,0x20,0x3d,0x20,0x66,
    0x6c,0x6f,0x61,0x74,0x32,0x28,0x30,0x2e,0x30,0x2c,0x20,0x68,0x66,0x2e,0x79,0x20,
    0x2d,0x20,0x5f,0x34,0x37,0x34,0x29,0x3b,0x0a,0x20,0x20,0x20,0x20,0x20,0x20,0x20,
    0x20,0x66,0x6c,0x6f,0x61,0x74,0x20,0x70,0x61,0x72,0x61,0x6d,0x5f,0x34,0x35,0x20,
    0x3d,0x20,0x5f,0x34,0x36,0x38,0x3b,0x0a,0x20,0x20,0x20,0x20,0x20,0x20,0x20,0x20,
    0x66,0x6c,0x6f,0x61,0x74,0x32,0x20,0x70,0x61,0x72,0x61,0x6d,0x5f,0x34,0x36,0x20,
    0x3d,0x20,0x70,0x3b,0x0a,0x20,0x20,0x20,0x20,0x20,0x20,0x20,0x20,0x66,0x6c,0x6f,
    0x61,0x74,0x32,0x20,0x70,0x61,0x72,0x61,0x6d,0x5f,0x34,0x37,0x20,0x3d,0x20,0x66,
    0x6c,0x6f,0x61,0x74,0x32,0x28,0x28,0x2d,0x68,0x66,0x2e,0x78,0x29,0x20,0x2b,0x20,
    0x5f,0x34,0x37,0x34,0x2c,0x20,0x30,0x2e,0x30,0x29,0x3b,0x0a,0x20,0x20,0x20,0x20,
    0x20,0x20,0x20,0x20,0x66,0x6c,0x6f,0x61,0x74,0x32,0x20,0x70,0x61,0x72,0x61,0x6d,
    0x5f,0x34,0x38,0x20,0x3d,0x20,0x66,0x6c,0x6f,0x61,0x74,0x32,0x28,0x28,0x2d,0x68,
    0x66,0x2e,0x78,0x29,0x20,0x2b,0x20,0x5f,0x34,0x37,0x34,0x2c,0x20,0x68,0x66,0x2e,
    0x79,0x29,0x3b,0x0a,0x20,0x20,0x20,0x20,0x20,0x20,0x20,0x20,0x66,0x6c,0x6f,0x61,
    0x74,0x20,0x70,0x61,0x72,0x61,0x6d,0x5f,0x34,0x39,0x20,0x3d,0x20,0x5f,0x34,0x36,
    0x38,0x3b,0x0a,0x20,0x20,0x20,0x20,0x20,0x20,0x20,0x20,0x72,0x65,0x74,0x75,0x72,
    0x6e,0x20,0x66,0x61,0x73,0x74,0x3a,0x3a,0x6d,0x69,0x6e,0x28,0x73,0x64,0x5f,0x61,
    0x72,0x63,0x28,0x70,0x61,0x72,0x61,0x6d,0x5f,0x33,0x37,0x2c,0x20,0x70,0x61,0x72,
    0x61,0x6d,0x5f,0x33,0x38,0x2c,0x20,0x70,0x61,0x72,0x61,0x6d,0x5f,0x33,0x39,0x2c,
    0x20,0x70,0x61,0x72,0x61,0x6d,0x5f,0x34,0x30,0x2c,0x20,0x70,0x61,0x72,0x61,0x6d,
    0x5f,0x34,0x31,0x29,0x2c,0x20,0x66,0x61,0x73,0x74,0x3a,0x3a,0x6d,0x69,0x6e,0x28,
    0x73,0x64,0x5f,0x73,0x65,0x67,0x28,0x70,0x61,0x72,0x61,0x6d,0x5f,0x34,0x32,0x2c,
    0x20,0x70,0x61,0x72,0x61,0x6d,0x5f,0x34,0x33,0x2c,0x20,0x70,0x61,0x72,0x61,0x6d,
    0x5f,0x34,0x34,0x2c,0x20,0x70,0x61,0x72,0x61,0x6d,0x5f,0x34,0x35,0x29,0x2c,0x20,
    0x73,0x64,0x5f,0x73,0x65,0x67,0x28,0x70,0x61,0x72,0x61,0x6d,0x5f,0x34,0x36,0x2c,
    0x20,0x70,0x61,0x72,0x61,0x6d,0x5f,0x34,0x37,0x2c,0x20,0x70,0x61,0x72,0x61,0x6d,
    0x5f,0x34,0x38,0x2c,0x20,0x70,0x61,0x72,0x61,0x6d,0x5f,0x34,0x39,0x29,0x29,0x29,
    0x3b,0x0a,0x20,0x20,0x20,0x20,0x7d,0x0a,0x20,0x20,0x20,0x20,0x69,0x66,0x20,0x28,
    0x73,0x68,0x20,0x3d,0x3d,0x20,0x37,0x29,0x0a,0x20,0x20,0x20,0x20,0x7b,0x0a,0x20,
    0x20,0x20,0x20,0x20,0x20,0x20,0x20,0x66,0x6c,0x6f,0x61,0x74,0x32,0x20,0x70,0x61,
    0x72,0x61,0x6d,0x5f,0x35,0x30,0x20,0x3d,0x20,0x70,0x3b,0x0a,0x20,0x20,0x20,0x20,
    0x20,0x20,0x20,0x20,0x66,0x6c,0x6f,0x61,0x74,0x32,0x20,0x70,0x61,0x72,0x61,0x6d,
    0x5f,0x35,0x31,0x20,0x3d,0x20,0x66,0x6c,0x6f,0x61,0x74,0x32,0x28,0x68,0x66,0x2e,
    0x78,0x2c,0x20,0x2d,0x68,0x66,0x2e,0x79,0x29,0x3b,0x0a,0x20,0x20,0x20,0x20,0x20,
    0x20,0x20,0x20,0x66,0x6c,0x6f,0x61,0x74,0x20,0x70,0x61,0x72,0x61,0x6d,0x5f,0x35,
    0x32,0x20,0x3d,0x20,0x5f,0x34,0x37,0x34,0x3b,0x0a,0x20,0x20,0x20,0x20,0x20,0x20,
    0x20,0x20,0x66,0x6c,0x6f,0x61,0x74,0x20,0x70,0x61,0x72,0x61,0x6d,0x5f,0x35,0x33,
    0x20,0x3d,0x20,0x5f,0x34,0x36,0x38,0x3b,0x0a,0x20,0x20,0x20,0x20,0x20,0x20,0x20,
    0x20,0x66,0x6c,0x6f,0x61,0x74,0x32,0x20,0x70,0x61,0x72,0x61,0x6d,0x5f,0x35,0x34,
    0x20,0x3d,0x20,0x66,0x6c,0x6f,0x61,0x74,0x32,0x28,0x2d,0x31,0x2e,0x30,0x2c,0x20,
    0x31,0x2e,0x30,0x29,0x3b,0x0a,0x20,0x20,0x20,0x20,0x20,0x20,0x20,0x20,0x66,0x6c,
    0x6f,0x61,0x74,0x32,0x20,0x70,0x61,0x72,0x61,0x6d,0x5f,0x35,0x35,0x20,0x3d,0x20,
    0x70,0x3b,0x0a,0x20,0x20,0x20,0x20,0x20,0x20,0x20,0x20,0x66,0x6c,0x6f,0x61,0x74,
    0x32,0x20,0x70,0x61,0x72,0x61,0x6d,0x5f,0x35,0x36,0x20,0x3d,0x20,0x66,0x6c,0x6f,
    0x61,0x74,0x32,0x28,0x30,0x2e,0x30,0x2c,0x20,0x28,0x2d,0x68,0x66,0x2e,0x79,0x29,
    0x20,0x2b,0x20,0x5f,0x34,0x37,0x34,0x29,0x3b,0x0a,0x20,0x20,0x20,0x20,0x20,0x20,
    0x20,0x20,0x66,0x6c,0x6f,0x61,0x74,0x32,0x20,0x70,0x61,0x72,0x61,0x6d,0x5f,0x35,
    0x37,0x20,0x3d,0x20,0x66,0x6c,0x6f,0x61,0x74,0x32,0x28,0x68,0x66,0x2e,0x78,0x2c,
    0x20,0x28,0x2d,0x68,0x66,0x2e,0x79,0x29,0x20,0x2b,0x20,0x5f,0x34,0x37,0x34,0x29,
    0x3b,0x0a,0x20,0x20,0x20,0x20,0x20,0x20,0x20,0x20,0x66,0x6c,0x6f,0x61,0x74,0x20,
    0x70,0x61,0x72,0x61,0x6d,0x5f,0x35,0x38,0x20,0x3d,0x20,0x5f,0x34,0x36,0x38,0x3b,
    0x0a,0x20,0x20,0x20,0x20,0x20,0x20,0x20,0x20,0x66,0x6c,0x6f,0x61,0x74,0x32,0x20,
    0x70,0x61,0x72,0x61,0x6d,0x5f,0x35,0x39,0x20,0x3d,0x20,0x70,0x3b,0x0a,0x20,0x20,
    0x20,0x20,0x20,0x20,0x20,0x20,0x66,0x6c,0x6f,0x61,0x74,0x32,0x20,0x70,0x61,0x72,
    0x61,0x6d,0x5f,0x36,0x30,0x20,0x3d,0x20,0x66,0x6c,0x6f,0x61,0x74,0x32,0x28,0x68,
    0x66,0x2e,0x78,0x20,0x2d,0x20,0x5f,0x34,0x37,0x34,0x2c,0x20,0x2d,0x68,0x66,0x2e,
    0x79,0x29,0x3b,0x0a,0x20,0x20,0x20,0x20,0x20,0x20,0x20,0x20,0x66,0x6c,0x6f,0x61,
    0x74,0x32,0x20,0x70,0x61,0x72,0x61,0x6d,0x5f,0x36,0x31,0x20,0x3d,0x20,0x66,0x6c,
    0x6f,0x61,0x74,0x32,0x28,0x68,0x66,0x2e,0x78,0x20,0x2d,0x20,0x5f,0x34,0x37,0x34,
    0x2c,0x20,0x30,0x2e,0x30,0x29,0x3b,0x0a,0x20,0x20,0x20,0x20,0x20,0x20,0x20,0x20,
    0x66,0x6c,0x6f,0x61,0x74,0x20,0x70,0x61,0x72,0x61,0x6d,0x5f,0x36,0x32,0x20,0x3d,
    0x20,0x5f,0x34,0x36,0x38,0x3b,0x0a,0x20,0x20,0x20,0x20,0x20,0x20,0x20,0x20,0x72,
    0x65,0x74,0x75,0x72,0x6e,0x20,0x66,0x61,0x73,0x74,0x3a,0x3a,0x6d,0x69,0x6e,0x28,
    0x73,0x64,0x5f,0x61,0x72,0x63,0x28,0x70,0x61,0x72,0x61,0x6d,0x5f,0x35,0x30,0x2c,
    0x20,0x70,0x61,0x72,0x61,0x6d,0x5f,0x35,0x31,0x2c,0x20,0x70,0x61,0x72,0x61,0x6d,
    0x5f,0x35,0x32,0x2c,0x20,0x70,0x61,0x72,0x61,0x6d,0x5f,0x35,0x33,0x2c,0x20,0x70,
    0x61,0x72,0x61,0x6d,0x5f,0x35,0x34,0x29,0x2c,0x20,0x66,0x61,0x73,0x74,0x3a,0x3a,
    0x6d,0x69,0x6e,0x28,0x73,0x64,0x5f,0x73,0x65,0x67,0x28,0x70,0x61,0x72,0x61,0x6d,
    0x5f,0x35,0x35,0x2c,0x20,0x70,0x61,0x72,0x61,0x6d,0x5f,0x35,0x36,0x2c,0x20,0x70,
    0x61,0x72,0x61,0x6d,0x5f,0x35,0x37,0x2c,0x20,0x70,0x61,0x72,0x61,0x6d,0x5f,0x35,
    0x38,0x29,0x2c,0x20,0x73,0x64,0x5f,0x73,0x65,0x67,0x28,0x70,0x61,0x72,0x61,0x6d,
    0x5f,0x35,0x39,0x2c,0x20,0x70,0x61,0x72,0x61,0x6d,0x5f,0x36,0x30,0x2c,0x20,0x70,
    0x61,0x72,0x61,0x6d,0x5f,0x36,0x31,0x2c,0x20,0x70,0x61,0x72,0x61,0x6d,0x5f,0x36,
    0x32,0x29,0x29,0x29,0x3b,0x0a,0x20,0x20,0x20,0x20,0x7d,0x0a,0x20,0x20,0x20,0x20,
    0x69,0x66,0x20,0x28,0x73,0x68,0x20,0x3d,0x3d,0x20,0x38,0x29,0x0a,0x20,0x20,0x20,
    0x20,0x7b,0x0a,0x20,0x20,0x20,0x20,0x20,0x20,0x20,0x20,0x66,0x6c,0x6f,0x61,0x74,
    0x32,0x20,0x70,0x61,0x72,0x61,0x6d,0x5f,0x36,0x33,0x20,0x3d,0x20,0x70,0x3b,0x0a,
    0x20,0x20,0x20,0x20,0x20,0x20,0x20,0x20,0x66,0x6c,0x6f,0x61,0x74,0x32,0x20,0x70,
    0x61,0x72,0x61,0x6d,0x5f,0x36,0x34,0x20,0x3d,0x20,0x66,0x6c,0x6f,0x61,0x74,0x32,
    0x28,0x2d,0x68,0x66,0x2e,0x78,0x2c,0x20,0x2d,0x68,0x66,0x2e,0x79,0x29,0x3b,0x0a,
    0x20,0x20,0x20,0x20,0x20,0x20,0x20,0x20,0x66,0x6c,0x6f,0x61,0x74,0x20,0x70,0x61,
    0x72,0x61,0x6d,0x5f,0x36,0x35,0x20,0x3d,0x20,0x5f,0x34,0x37,0x34,0x3b,0x0a,0x20,
    0x20,0x20,0x20,0x20,0x20,0x20,0x20,0x66,0x6c,0x6f,0x61,0x74,0x20,0x70,0x61,0x72,
    0x61,0x6d,0x5f,0x36,0x36,0x20,0x3d,0x20,0x5f,0x34,0x36,0x38,0x3b,0x0a,0x20,0x20,
    0x20,0x20,0x20,0x20,0x20,0x20,0x66,0x6c,0x6f,0x61,0x74,0x32,0x20,0x70,0x61,0x72,
    0x61,0x6d,0x5f,0x36,0x37,0x20,0x3d,0x20,0x66,0x6c,0x6f,0x61,0x74,0x32,0x28,0x31,
    0x2e,0x30,0x29,0x3b,0x0a,0x20,0x20,0x20,0x20,0x20,0x20,0x20,0x20,0x66,0x6c,0x6f,
    0x61,0x74,0x32,0x20,0x70,0x61,0x72,0x61,0x6d,0x5f,0x36,0x38,0x20,0x3d,0x20,0x70,
    0x3b,0x0a,0x20,0x20,0x20,0x20,0x20,0x20,0x20,0x20,0x66,0x6c,0x6f,0x61,0x74,0x32,
    0x20,0x70,0x61,0x72,0x61,0x6d,0x5f,0x36,0x39,0x20,0x3d,0x20,0x66,0x6c,0x6f,0x61,
    0x74,0x32,0x28,0x2d,0x68,0x66,0x2e,0x78,0x2c,0x20,0x28,0x2d,0x68,0x66,0x2e,0x79,
    0x29,0x20,0x2b,0x20,0x5f,0x34,0x37,0x34,0x29,0x3b,0x0a,0x20,0x20,0x20,0x20,0x20,
    0x20,0x20,0x20,0x66,0x6c,0x6f,0x61,0x74,0x32,0x20,0x70,0x61,0x72,0x61,0x6d,0x5f,
    0x37,0x30,0x20,0x3d,0x20,0x66,0x6c,0x6f,0x61,0x74,0x32,0x28,0x30,0x2e,0x30,0x2c,
    0x20,0x28,0x2d,0x68,0x66,0x2e,0x79,0x29,0x20,0x2b,0x20,0x5f,0x34,0x37,0x34,0x29,
    0x3b,0x0a,0x20,0x20,0x20,0x20,0x20,0x20,0x20,0x20,0x66,0x6c,0x6f,0x61,0x74,0x20,
    0x70,0x61,0x72,0x61,0x6d,0x5f,0x37,0x31,0x20,0x3d,0x20,0x5f,0x34,0x36,0x38,0x3b,
    0x0a,0x20,0x20,0x20,0x20,0x20,0x20,0x20,0x20,0x66,0x6c,0x6f,0x61,0x74,0x32,0x20,
    0x70,0x61,0x72,0x61,0x6d,0x5f,0x37,0x32,0x20,0x3d,0x20,0x70,0x3b,0x0a,0x20,0x20,
    0x20,0x20,0x20,0x20,0x20,0x20,0x66,0x6c,0x6f,0x61,0x74,0x32,0x20,0x70,0x61,0x72,
    0x61,0x6d,0x5f,0x37,0x33,0x20,0x3d,0x20,0x66,0x6c,0x6f,0x61,0x74,0x32,0x28,0x28,
    0x2d,0x68,0x66,0x2e,0x78,0x29,0x20,0x2b,0x20,0x5f,0x34,0x37,0x34,0x2c,0x20,0x2d,
    0x68,0x66,0x2e,0x79,0x29,0x3b,0x0a,0x20,0x20,0x20,0x20,0x20,0x20,0x20,0x20,0x66,
    0x6c,0x6f,0x61,0x74,0x32,0x20,0x70,0x61,0x72,0x61,0x6d,0x5f,0x37,0x34,0x20,0x3d,
    0x20,0x66,0x6c,0x6f,0x61,0x74,0x32,0x28,0x28,0x2d,0x68,0x66,0x2e,0x78,0x29,0x20,
    0x2b,0x20,0x5f,0x34,0x37,0x34,0x2c,0x20,0x30,0x2e,0x30,0x29,0x3b,0x0a,0x20,0x20,
    0x20,0x20,0x20,0x20,0x20,0x20,0x66,0x6c,0x6f,0x61,0x74,0x20,0x70,0x61,0x72,0x61,
    0x6d,0x5f,0x37,0x35,0x20,0x3d,0x20,0x5f,0x34,0x36,0x38,0x3b,0x0a,0x20,0x20,0x20,
    0x20,0x20,0x20,0x20,0x20,0x72,0x65,0x74,0x75,0x72,0x6e,0x20,0x66,0x61,0x73,0x74,
    0x3a,0x3a,0x6d,0x69,0x6e,0x28,0x73,0x64,0x5f,0x61,0x72,0x63,0x28,0x70,0x61,0x72,
    0x61,0x6d,0x5f,0x36,0x33,0x2c,0x20,0x70,0x61,0x72,0x61,0x6d,0x5f,0x36,0x34,0x2c,
    0x20,0x70,0x61,0x72,0x61,0x6d,0x5f,0x36,0x35,0x2c,0x20,0x70,0x61,0x72,0x61,0x6d,
    0x5f,0x36,0x36,0x2c,0x20,0x70,0x61,0x72,0x61,0x6d,0x5f,0x36,0x37,0x29,0x2c,0x20,
    0x66,0x61,0x73,0x74,0x3a,0x3a,0x6d,0x69,0x6e,0x28,0x73,0x64,0x5f,0x73,0x65,0x67,
    0x28,0x70,0x61,0x72,0x61,0x6d,0x5f,0x36,0x38,0x2c,0x20,0x70,0x61,0x72,0x61,0x6d,
    0x5f,0x36,0x39,0x2c,0x20,0x70,0x61,0x72,0x61,0x6d,0x5f,0x37,0x30,0x2c,0x20,0x70,
    0x61,0x72,0x61,0x6d,0x5f,0x37,0x31,0x29,0x2c,0x20,0x73,0x64,0x5f,0x73,0x65,0x67,
    0x28,0x70,0x61,0x72,0x61,0x6d,0x5f,0x37,0x32,0x2c,0x20,0x70,0x61,0x72,0x61,0x6d,
    0x5f,0x37,0x33,0x2c,0x20,0x70,0x61,0x72,0x61,0x6d,0x5f,0x37,0x34,0x2c,0x20,0x70,
    0x61,0x72,0x61,0x6d,0x5f,0x37,0x35,0x29,0x29,0x29,0x3b,0x0a,0x20,0x20,0x20,0x20,
    0x7d,0x0a,0x20,0x20,0x20,0x20,0x72,0x65,0x74,0x75,0x72,0x6e,0x20,0x31,0x2e,0x30,
    0x3b,0x0a,0x7d,0x0a,0x0a,0x73,0x74,0x61,0x74,0x69,0x63,0x20,0x69,0x6e,0x6c,0x69,
    0x6e,0x65,0x20,0x5f,0x5f,0x61,0x74,0x74,0x72,0x69,0x62,0x75,0x74,0x65,0x5f,0x5f,
    0x28,0x28,0x61,0x6c,0x77,0x61,0x79,0x73,0x5f,0x69,0x6e,0x6c,0x69,0x6e,0x65,0x29,
    0x29,0x0a,0x66,0x6c,0x6f,0x61,0x74,0x20,0x73,0x64,0x5f,0x72,0x6f,0x75,0x6e,0x64,
    0x5f,0x62,0x6f,0x78,0x28,0x74,0x68,0x72,0x65,0x61,0x64,0x20,0x63,0x6f,0x6e,0x73,
    0x74,0x20,0x66,0x6c,0x6f,0x61,0x74,0x32,0x26,0x20,0x70,0x2c,0x20,0x74,0x68,0x72,
    0x65,0x61,0x64,0x20,0x63,0x6f,0x6e,0x73,0x74,0x20,0x66,0x6c,0x6f,0x61,0x74,0x32,
    0x26,0x20,0x68,0x61,0x6c,0x66,0x5f,0x65,0x78,0x74,0x2c,0x20,0x74,0x68,0x72,0x65,
    0x61,0x64,0x20,0x63,0x6f,0x6e,0x73,0x74,0x20,0x66,0x6c,0x6f,0x61,0x74,0x26,0x20,
    0x72,0x29,0x0a,0x7b,0x0a,0x20,0x20,0x20,0x20,0x66,0x6c,0x6f,0x61,0x74,0x32,0x20,
    0x5f,0x35,0x33,0x20,0x3d,0x20,0x28,0x61,0x62,0x73,0x28,0x70,0x29,0x20,0x2d,0x20,
    0x68,0x61,0x6c,0x66,0x5f,0x65,0x78,0x74,0x29,0x20,0x2b,0x20,0x66,0x6c,0x6f,0x61,
    0x74,0x32,0x28,0x72,0x29,0x3b,0x0a,0x20,0x20,0x20,0x20,0x72,0x65,0x74,0x75,0x72,
    0x6e,0x20,0x28,0x66,0x61,0x73,0x74,0x3a,0x3a,0x6d,0x69,0x6e,0x28,0x66,0x61,0x73,
    0x74,0x3a,0x3a,0x6d,0x61,0x78,0x28,0x5f,0x35,0x33,0x2e,0x78,0x2c,0x20,0x5f,0x35,
    0x33,0x2e,0x79,0x29,0x2c,0x20,0x30,0x2e,0x30,0x29,0x20,0x2b,0x20,0x6c,0x65,0x6e,
    0x67,0x74,0x68,0x28,0x66,0x61,0x73,0x74,0x3a,0x3a,0x6d,0x61,0x78,0x28,0x5f,0x35,
    0x33,0x2c,0x20,0x66,0x6c,0x6f,0x61,0x74,0x32,0x28,0x30,0x2e,0x30,0x29,0x29,0x29,
    0x29,0x20,0x2d,0x20,0x72,0x3b,0x0a,0x7d,0x0a,0x0a,0x66,0x72,0x61,0x67,0x6d,0x65,
    0x6e,0x74,0x20,0x6d,0x61,0x69,0x6e,0x30,0x5f,0x6f,0x75,0x74,0x20,0x6d,0x61,0x69,
    0x6e,0x30,0x28,0x6d,0x61,0x69,0x6e,0x30,0x5f,0x69,0x6e,0x20,0x69,0x6e,0x20,0x5b,
    0x5b,0x73,0x74,0x61,0x67,0x65,0x5f,0x69,0x6e,0x5d,0x5d,0x2c,0x20,0x63,0x6f,0x6e,
    0x73,0x74,0x61,0x6e,0x74,0x20,0x63,0x65,0x6c,0x6c,0x5f,0x66,0x73,0x5f,0x70,0x61,
    0x72,0x61,0x6d,0x73,0x26,0x20,0x5f,0x38,0x39,0x37,0x20,0x5b,0x5b,0x62,0x75,0x66,
    0x66,0x65,0x72,0x28,0x31,0x29,0x5d,0x5d,0x2c,0x20,0x74,0x65,0x78,0x74,0x75,0x72,
    0x65,0x32,0x64,0x3c,0x66,0x6c,0x6f,0x61,0x74,0x3e,0x20,0x75,0x41,0x74,0x6c,0x61,
    0x73,0x20,0x5b,0x5b,0x74,0x65,0x78,0x74,0x75,0x72,0x65,0x28,0x30,0x29,0x5d,0x5d,
    0x2c,0x20,0x74,0x65,0x78,0x74,0x75,0x72,0x65,0x32,0x64,0x3c,0x66,0x6c,0x6f,0x61,
    0x74,0x3e,0x20,0x75,0x43,0x6f,0x6c,0x6f,0x72,0x41,0x74,0x6c,0x61,0x73,0x20,0x5b,
    0x5b,0x74,0x65,0x78,0x74,0x75,0x72,0x65,0x28,0x31,0x29,0x5d,0x5d,0x2c,0x20,0x73,
    0x61,0x6d,0x70,0x6c,0x65,0x72,0x20,0x75,0x53,0x6d,0x70,0x20,0x5b,0x5b,0x73,0x61,
    0x6d,0x70,0x6c,0x65,0x72,0x28,0x30,0x29,0x5d,0x5d,0x29,0x0a,0x7b,0x0a,0x20,0x20,
    0x20,0x20,0x6d,0x61,0x69,0x6e,0x30,0x5f,0x6f,0x75,0x74,0x20,0x6f,0x75,0x74,0x20,
    0x3d,0x20,0x7b,0x7d,0x3b,0x0a,0x20,0x20,0x20,0x20,0x69,0x66,0x20,0x28,0x69,0x6e,
    0x2e,0x76,0x49,0x73,0x47,0x6c,0x79,0x70,0x68,0x20,0x3e,0x20,0x32,0x2e,0x35,0x29,
    0x0a,0x20,0x20,0x20,0x20,0x7b,0x0a,0x20,0x20,0x20,0x20,0x20,0x20,0x20,0x20,0x69,
    0x6e,0x74,0x20,0x70,0x61,0x72,0x61,0x6d,0x20,0x3d,0x20,0x69,0x6e,0x74,0x28,0x69,
    0x6e,0x2e,0x76,0x53,0x68,0x61,0x70,0x65,0x20,0x2b,0x20,0x30,0x2e,0x35,0x29,0x3b,
    0x0a,0x20,0x20,0x20,0x20,0x20,0x20,0x20,0x20,0x66,0x6c,0x6f,0x61,0x74,0x32,0x20,
    0x70,0x61,0x72,0x61,0x6d,0x5f,0x31,0x20,0x3d,0x20,0x69,0x6e,0x2e,0x76,0x4c,0x6f,
    0x63,0x61,0x6c,0x3b,0x0a,0x20,0x20,0x20,0x20,0x20,0x20,0x20,0x20,0x66,0x6c,0x6f,
    0x61,0x74,0x32,0x20,0x70,0x61,0x72,0x61,0x6d,0x5f,0x32,0x20,0x3d,0x20,0x69,0x6e,
    0x2e,0x76,0x48,0x61,0x6c,0x66,0x3b,0x0a,0x20,0x20,0x20,0x20,0x20,0x20,0x20,0x20,
    0x66,0x6c,0x6f,0x61,0x74,0x20,0x5f,0x37,0x39,0x30,0x20,0x3d,0x20,0x73,0x64,0x66,
    0x5f,0x73,0x68,0x61,0x70,0x65,0x28,0x70,0x61,0x72,0x61,0x6d,0x2c,0x20,0x70,0x61,
    0x72,0x61,0x6d,0x5f,0x31,0x2c,0x20,0x70,0x61,0x72,0x61,0x6d,0x5f,0x32,0x29,0x3b,
    0x0a,0x20,0x20,0x20,0x20,0x20,0x20,0x20,0x20,0x66,0x6c,0x6f,0x61,0x74,0x20,0x5f,
    0x37,0x39,0x33,0x20,0x3d,0x20,0x66,0x77,0x69,0x64,0x74,0x68,0x28,0x5f,0x37,0x39,
    0x30,0x29,0x3b,0x0a,0x20,0x20,0x20,0x20,0x20,0x20,0x20,0x20,0x6f,0x75,0x74,0x2e,
    0x66,0x72,0x61,0x67,0x20,0x3d,0x20,0x66,0x6c,0x6f,0x61,0x74,0x34,0x28,0x69,0x6e,
    0x2e,0x76,0x43,0x6f,0x6c,0x6f,0x72,0x2e,0x78,0x79,0x7a,0x2c,0x20,0x31,0x2e,0x30,
    0x20,0x2d,0x20,0x73,0x6d,0x6f,0x6f,0x74,0x68,0x73,0x74,0x65,0x70,0x28,0x28,0x2d,
    0x39,0x2e,0x39,0x39,0x39,0x39,0x39,0x39,0x37,0x34,0x37,0x33,0x37,0x38,0x37,0x35,
    0x31,0x36,0x33,0x35,0x35,0x35,0x31,0x34,0x35,0x32,0x36,0x33,0x36,0x37,0x31,0x38,
    0x38,0x65,0x2d,0x30,0x35,0x29,0x20,0x2d,0x20,0x5f,0x37,0x39,0x33,0x2c,0x20,0x5f,
    0x37,0x39,0x33,0x20,0x2b,0x20,0x39,0x2e,0x39,0x39,0x39,0x39,0x39,0x39,0x37,0x34,
    0x37,0x33,0x37,0x38,0x37,0x35,0x31,0x36,0x33,0x35,0x35,0x35,0x31,0x34,0x35,0x32,
    0x36,0x33,0x36,0x37,0x31,0x38,0x38,0x65,0x2d,0x30,0x35,0x2c,0x20,0x5f,0x37,0x39,
    0x30,0x29,0x29,0x3b,0x0a,0x20,0x20,0x20,0x20,0x7d,0x0a,0x20,0x20,0x20,0x20,0x65,
    0x6c,0x73,0x65,0x0a,0x20,0x20,0x20,0x20,0x7b,0x0a,0x20,0x20,0x20,0x20,0x20,0x20,
    0x20,0x20,0x69,0x66,0x20,0x28,0x69,0x6e,0x2e,0x76,0x49,0x73,0x47,0x6c,0x79,0x70,
    0x68,0x20,0x3e,0x20,0x31,0x2e,0x35,0x29,0x0a,0x20,0x20,0x20,0x20,0x20,0x20,0x20,
    0x20,0x7b,0x0a,0x20,0x20,0x20,0x20,0x20,0x20,0x20,0x20,0x20,0x20,0x20,0x20,0x6f,
    0x75,0x74,0x2e,0x66,0x72,0x61,0x67,0x20,0x3d,0x20,0x75,0x43,0x6f,0x6c,0x6f,0x72,
    0x41,0x74,0x6c,0x61,0x73,0x2e,0x73,0x61,0x6d,0x70,0x6c,0x65,0x28,0x75,0x53,0x6d,
    0x70,0x2c,0x20,0x69,0x6e,0x2e,0x76,0x55,0x56,0x29,0x3b,0x0a,0x20,0x20,0x20,0x20,
    0x20,0x20,0x20,0x20,0x7d,0x0a,0x20,0x20,0x20,0x20,0x20,0x20,0x20,0x20,0x65,0x6c,
    0x73,0x65,0x0a,0x20,0x20,0x20,0x20,0x20,0x20,0x20,0x20,0x7b,0x0a,0x20,0x20,0x20,
    0x20,0x20,0x20,0x20,0x20,0x20,0x20,0x20,0x20,0x69,0x66,0x20,0x28,0x69,0x6e,0x2e,
    0x76,0x49,0x73,0x47,0x6c,0x79,0x70,0x68,0x20,0x3e,0x20,0x30,0x2e,0x35,0x29,0x0a,
    0x20,0x20,0x20,0x20,0x20,0x20,0x20,0x20,0x20,0x20,0x20,0x20,0x7b,0x0a,0x20,0x20,
    0x20,0x20,0x20,0x20,0x20,0x20,0x20,0x20,0x20,0x20,0x20,0x20,0x20,0x20,0x6f,0x75,
    0x74,0x2e,0x66,0x72,0x61,0x67,0x20,0x3d,0x20,0x66,0x6c,0x6f,0x61,0x74,0x34,0x28,
    0x69,0x6e,0x2e,0x76,0x43,0x6f,0x6c,0x6f,0x72,0x2e,0x78,0x79,0x7a,0x2c,0x20,0x70,
    0x6f,0x77,0x72,0x28,0x75,0x41,0x74,0x6c,0x61,0x73,0x2e,0x73,0x61,0x6d,0x70,0x6c,
    0x65,0x28,0x75,0x53,0x6d,0x70,0x2c,0x20,0x69,0x6e,0x2e,0x76,0x55,0x56,0x29,0x2e,
    0x78,0x2c,0x20,0x31,0x2e,0x30,0x20,0x2f,0x20,0x6d,0x69,0x78,0x28,0x31,0x2e,0x32,
    0x30,0x30,0x30,0x30,0x30,0x30,0x34,0x37,0x36,0x38,0x33,0x37,0x31,0x35,0x38,0x32,
    0x30,0x33,0x31,0x32,0x35,0x2c,0x20,0x31,0x2e,0x36,0x30,0x30,0x30,0x30,0x30,0x30,
    0x32,0x33,0x38,0x34,0x31,0x38,0x35,0x37,0x39,0x31,0x30,0x31,0x35,0x36,0x32,0x35,
    0x2c,0x20,0x64,0x6f,0x74,0x28,0x69,0x6e,0x2e,0x76,0x43,0x6f,0x6c,0x6f,0x72,0x2e,
    0x78,0x79,0x7a,0x2c,0x20,0x66,0x6c,0x6f,0x61,0x74,0x33,0x28,0x30,0x2e,0x32,0x31,
    0x32,0x35,0x39,0x39,0x39,0x39,0x32,0x37,0x35,0x32,0x30,0x37,0x35,0x31,0x39,0x35,
    0x33,0x31,0x32,0x35,0x2c,0x20,0x30,0x2e,0x37,0x31,0x35,0x32,0x30,0x30,0x30,0x30,
    0x36,0x39,0x36,0x31,0x38,0x32,0x32,0x35,0x30,0x39,0x37,0x36,0x35,0x36,0x32,0x35,
    0x2c,0x20,0x30,0x2e,0x30,0x37,0x32,0x32,0x30,0x30,0x30,0x30,0x30,0x32,0x38,0x36,
    0x31,0x30,0x32,0x32,0x39,0x34,0x39,0x32,0x31,0x38,0x37,0x35,0x29,0x29,0x29,0x29,
    0x29,0x3b,0x0a,0x20,0x20,0x20,0x20,0x20,0x20,0x20,0x20,0x20,0x20,0x20,0x20,0x7d,
    0x0a,0x20,0x20,0x20,0x20,0x20,0x20,0x20,0x20,0x20,0x20,0x20,0x20,0x65,0x6c,0x73,
    0x65,0x0a,0x20,0x20,0x20,0x20,0x20,0x20,0x20,0x20,0x20,0x20,0x20,0x20,0x7b,0x0a,
    0x20,0x20,0x20,0x20,0x20,0x20,0x20,0x20,0x20,0x20,0x20,0x20,0x20,0x20,0x20,0x20,
    0x69,0x66,0x20,0x28,0x69,0x6e,0x2e,0x76,0x52,0x61,0x64,0x69,0x75,0x73,0x20,0x3e,
    0x20,0x30,0x2e,0x30,0x29,0x0a,0x20,0x20,0x20,0x20,0x20,0x20,0x20,0x20,0x20,0x20,
    0x20,0x20,0x20,0x20,0x20,0x20,0x7b,0x0a,0x20,0x20,0x20,0x20,0x20,0x20,0x20,0x20,
    0x20,0x20,0x20,0x20,0x20,0x20,0x20,0x20,0x20,0x20,0x20,0x20,0x66,0x6c,0x6f,0x61,
    0x74,0x32,0x20,0x70,0x61,0x72,0x61,0x6d,0x5f,0x33,0x20,0x3d,0x20,0x69,0x6e,0x2e,
    0x76,0x4c,0x6f,0x63,0x61,0x6c,0x3b,0x0a,0x20,0x20,0x20,0x20,0x20,0x20,0x20,0x20,
    0x20,0x20,0x20,0x20,0x20,0x20,0x20,0x20,0x20,0x20,0x20,0x20,0x66,0x6c,0x6f,0x61,
    0x74,0x32,0x20,0x70,0x61,0x72,0x61,0x6d,0x5f,0x34,0x20,0x3d,0x20,0x69,0x6e,0x2e,
    0x76,0x48,0x61,0x6c,0x66,0x3b,0x0a,0x20,0x20,0x20,0x20,0x20,0x20,0x20,0x20,0x20,
    0x20,0x20,0x20,0x20,0x20,0x20,0x20,0x20,0x20,0x20,0x20,0x66,0x6c,0x6f,0x61,0x74,
    0x20,0x70,0x61,0x72,0x61,0x6d,0x5f,0x35,0x20,0x3d,0x20,0x69,0x6e,0x2e,0x76,0x52,
    0x61,0x64,0x69,0x75,0x73,0x3b,0x0a,0x20,0x20,0x20,0x20,0x20,0x20,0x20,0x20,0x20,
    0x20,0x20,0x20,0x20,0x20,0x20,0x20,0x20,0x20,0x20,0x20,0x6f,0x75,0x74,0x2e,0x66,
    0x72,0x61,0x67,0x20,0x3d,0x20,0x66,0x6c,0x6f,0x61,0x74,0x34,0x28,0x69,0x6e,0x2e,
    0x76,0x43,0x6f,0x6c,0x6f,0x72,0x2e,0x78,0x79,0x7a,0x2c,0x20,0x28,0x28,0x31,0x2e,
    0x30,0x20,0x2d,0x20,0x73,0x6d,0x6f,0x6f,0x74,0x68,0x73,0x74,0x65,0x70,0x28,0x2d,
    0x30,0x2e,0x37,0x35,0x2c,0x20,0x30,0x2e,0x37,0x35,0x2c,0x20,0x73,0x64,0x5f,0x72,
    0x6f,0x75,0x6e,0x64,0x5f,0x62,0x6f,0x78,0x28,0x70,0x61,0x72,0x61,0x6d,0x5f,0x33,
    0x2c,0x20,0x70,0x61,0x72,0x61,0x6d,0x5f,0x34,0x2c,0x20,0x70,0x61,0x72,0x61,0x6d,
    0x5f,0x35,0x29,0x29,0x29,0x20,0x2a,0x20,0x5f,0x38,0x39,0x37,0x2e,0x75,0x4f,0x70,
    0x61,0x63,0x69,0x74,0x79,0x29,0x20,0x2a,0x20,0x69,0x6e,0x2e,0x76,0x43,0x6f,0x6c,
    0x6f,0x72,0x2e,0x77,0x29,0x3b,0x0a,0x20,0x20,0x20,0x20,0x20,0x20,0x20,0x20,0x20,
    0x20,0x20,0x20,0x20,0x20,0x20,0x20,0x7d,0x0a,0x20,0x20,0x20,0x20,0x20,0x20,0x20,
    0x20,0x20,0x20,0x20,0x20,0x20,0x20,0x20,0x20,0x65,0x6c,0x73,0x65,0x0a,0x20,0x20,
    0x20,0x20,0x20,0x20,0x20,0x20,0x20,0x20,0x20,0x20,0x20,0x20,0x20,0x20,0x7b,0x0a,
    0x20,0x20,0x20,0x20,0x20,0x20,0x20,0x20,0x20,0x20,0x20,0x20,0x20,0x20,0x20,0x20,
    0x20,0x20,0x20,0x20,0x6f,0x75,0x74,0x2e,0x66,0x72,0x61,0x67,0x20,0x3d,0x20,0x66,
    0x6c,0x6f,0x61,0x74,0x34,0x28,0x69,0x6e,0x2e,0x76,0x43,0x6f,0x6c,0x6f,0x72,0x2e,
    0x78,0x79,0x7a,0x2c,0x20,0x5f,0x38,0x39,0x37,0x2e,0x75,0x4f,0x70,0x61,0x63,0x69,
    0x74,0x79,0x20,0x2a,0x20,0x69,0x6e,0x2e,0x76,0x43,0x6f,0x6c,0x6f,0x72,0x2e,0x77,
    0x29,0x3b,0x0a,0x20,0x20,0x20,0x20,0x20,0x20,0x20,0x20,0x20,0x20,0x20,0x20,0x20,
    0x20,0x20,0x20,0x7d,0x0a,0x20,0x20,0x20,0x20,0x20,0x20,0x20,0x20,0x20,0x20,0x20,
    0x20,0x7d,0x0a,0x20,0x20,0x20,0x20,0x20,0x20,0x20,0x20,0x7d,0x0a,0x20,0x20,0x20,
    0x20,0x7d,0x0a,0x20,0x20,0x20,0x20,0x72,0x65,0x74,0x75,0x72,0x6e,0x20,0x6f,0x75,
    0x74,0x3b,0x0a,0x7d,0x0a,0x0a,0x00,
};
/*
    #include <metal_stdlib>
    #include <simd/simd.h>

    using namespace metal;

    struct image_vs_params
    {
        float2 uScreen;
        float4 uRect;
    };

    struct main0_out
    {
        float2 vUV [[user(locn0)]];
        float4 gl_Position [[position]];
    };

    struct main0_in
    {
        float2 aCorner [[attribute(0)]];
    };

    vertex main0_out main0(main0_in in [[stage_in]], constant image_vs_params& _13 [[buffer(0)]])
    {
        main0_out out = {};
        float2 _27 = _13.uRect.xy + (in.aCorner * _13.uRect.zw);
        out.gl_Position = float4(((_27.x / _13.uScreen.x) * 2.0) - 1.0, 1.0 - ((_27.y / _13.uScreen.y) * 2.0), 0.0, 1.0);
        out.vUV = in.aCorner;
        return out;
    }

*/
static const uint8_t image_vs_source_metal_macos[635] = {
    0x23,0x69,0x6e,0x63,0x6c,0x75,0x64,0x65,0x20,0x3c,0x6d,0x65,0x74,0x61,0x6c,0x5f,
    0x73,0x74,0x64,0x6c,0x69,0x62,0x3e,0x0a,0x23,0x69,0x6e,0x63,0x6c,0x75,0x64,0x65,
    0x20,0x3c,0x73,0x69,0x6d,0x64,0x2f,0x73,0x69,0x6d,0x64,0x2e,0x68,0x3e,0x0a,0x0a,
    0x75,0x73,0x69,0x6e,0x67,0x20,0x6e,0x61,0x6d,0x65,0x73,0x70,0x61,0x63,0x65,0x20,
    0x6d,0x65,0x74,0x61,0x6c,0x3b,0x0a,0x0a,0x73,0x74,0x72,0x75,0x63,0x74,0x20,0x69,
    0x6d,0x61,0x67,0x65,0x5f,0x76,0x73,0x5f,0x70,0x61,0x72,0x61,0x6d,0x73,0x0a,0x7b,
    0x0a,0x20,0x20,0x20,0x20,0x66,0x6c,0x6f,0x61,0x74,0x32,0x20,0x75,0x53,0x63,0x72,
    0x65,0x65,0x6e,0x3b,0x0a,0x20,0x20,0x20,0x20,0x66,0x6c,0x6f,0x61,0x74,0x34,0x20,
    0x75,0x52,0x65,0x63,0x74,0x3b,0x0a,0x7d,0x3b,0x0a,0x0a,0x73,0x74,0x72,0x75,0x63,
    0x74,0x20,0x6d,0x61,0x69,0x6e,0x30,0x5f,0x6f,0x75,0x74,0x0a,0x7b,0x0a,0x20,0x20,
    0x20,0x20,0x66,0x6c,0x6f,0x61,0x74,0x32,0x20,0x76,0x55,0x56,0x20,0x5b,0x5b,0x75,
    0x73,0x65,0x72,0x28,0x6c,0x6f,0x63,0x6e,0x30,0x29,0x5d,0x5d,0x3b,0x0a,0x20,0x20,
    0x20,0x20,0x66,0x6c,0x6f,0x61,0x74,0x34,0x20,0x67,0x6c,0x5f,0x50,0x6f,0x73,0x69,
    0x74,0x69,0x6f,0x6e,0x20,0x5b,0x5b,0x70,0x6f,0x73,0x69,0x74,0x69,0x6f,0x6e,0x5d,
    0x5d,0x3b,0x0a,0x7d,0x3b,0x0a,0x0a,0x73,0x74,0x72,0x75,0x63,0x74,0x20,0x6d,0x61,
    0x69,0x6e,0x30,0x5f,0x69,0x6e,0x0a,0x7b,0x0a,0x20,0x20,0x20,0x20,0x66,0x6c,0x6f,
    0x61,0x74,0x32,0x20,0x61,0x43,0x6f,0x72,0x6e,0x65,0x72,0x20,0x5b,0x5b,0x61,0x74,
    0x74,0x72,0x69,0x62,0x75,0x74,0x65,0x28,0x30,0x29,0x5d,0x5d,0x3b,0x0a,0x7d,0x3b,
    0x0a,0x0a,0x76,0x65,0x72,0x74,0x65,0x78,0x20,0x6d,0x61,0x69,0x6e,0x30,0x5f,0x6f,
    0x75,0x74,0x20,0x6d,0x61,0x69,0x6e,0x30,0x28,0x6d,0x61,0x69,0x6e,0x30,0x5f,0x69,
    0x6e,0x20,0x69,0x6e,0x20,0x5b,0x5b,0x73,0x74,0x61,0x67,0x65,0x5f,0x69,0x6e,0x5d,
    0x5d,0x2c,0x20,0x63,0x6f,0x6e,0x73,0x74,0x61,0x6e,0x74,0x20,0x69,0x6d,0x61,0x67,
    0x65,0x5f,0x76,0x73,0x5f,0x70,0x61,0x72,0x61,0x6d,0x73,0x26,0x20,0x5f,0x31,0x33,
    0x20,0x5b,0x5b,0x62,0x75,0x66,0x66,0x65,0x72,0x28,0x30,0x29,0x5d,0x5d,0x29,0x0a,
    0x7b,0x0a,0x20,0x20,0x20,0x20,0x6d,0x61,0x69,0x6e,0x30,0x5f,0x6f,0x75,0x74,0x20,
    0x6f,0x75,0x74,0x20,0x3d,0x20,0x7b,0x7d,0x3b,0x0a,0x20,0x20,0x20,0x20,0x66,0x6c,
    0x6f,0x61,0x74,0x32,0x20,0x5f,0x32,0x37,0x20,0x3d,0x20,0x5f,0x31,0x33,0x2e,0x75,
    0x52,0x65,0x63,0x74,0x2e,0x78,0x79,0x20,0x2b,0x20,0x28,0x69,0x6e,0x2e,0x61,0x43,
    0x6f,0x72,0x6e,0x65,0x72,0x20,0x2a,0x20,0x5f,0x31,0x33,0x2e,0x75,0x52,0x65,0x63,
    0x74,0x2e,0x7a,0x77,0x29,0x3b,0x0a,0x20,0x20,0x20,0x20,0x6f,0x75,0x74,0x2e,0x67,
    0x6c,0x5f,0x50,0x6f,0x73,0x69,0x74,0x69,0x6f,0x6e,0x20,0x3d,0x20,0x66,0x6c,0x6f,
    0x61,0x74,0x34,0x28,0x28,0x28,0x5f,0x32,0x37,0x2e,0x78,0x20,0x2f,0x20,0x5f,0x31,
    0x33,0x2e,0x75,0x53,0x63,0x72,0x65,0x65,0x6e,0x2e,0x78,0x29,0x20,0x2a,0x20,0x32,
    0x2e,0x30,0x29,0x20,0x2d,0x20,0x31,0x2e,0x30,0x2c,0x20,0x31,0x2e,0x30,0x20,0x2d,
    0x20,0x28,0x28,0x5f,0x32,0x37,0x2e,0x79,0x20,0x2f,0x20,0x5f,0x31,0x33,0x2e,0x75,
    0x53,0x63,0x72,0x65,0x65,0x6e,0x2e,0x79,0x29,0x20,0x2a,0x20,0x32,0x2e,0x30,0x29,
    0x2c,0x20,0x30,0x2e,0x30,0x2c,0x20,0x31,0x2e,0x30,0x29,0x3b,0x0a,0x20,0x20,0x20,
    0x20,0x6f,0x75,0x74,0x2e,0x76,0x55,0x56,0x20,0x3d,0x20,0x69,0x6e,0x2e,0x61,0x43,
    0x6f,0x72,0x6e,0x65,0x72,0x3b,0x0a,0x20,0x20,0x20,0x20,0x72,0x65,0x74,0x75,0x72,
    0x6e,0x20,0x6f,0x75,0x74,0x3b,0x0a,0x7d,0x0a,0x0a,0x00,
};
/*
    #include <metal_stdlib>
    #include <simd/simd.h>

    using namespace metal;

    struct main0_out
    {
        float4 frag [[color(0)]];
    };

    struct main0_in
    {
        float2 vUV [[user(locn0)]];
    };

    fragment main0_out main0(main0_in in [[stage_in]], texture2d<float> uTex [[texture(0)]], sampler uImgSmp [[sampler(0)]])
    {
        main0_out out = {};
        out.frag = uTex.sample(uImgSmp, in.vUV);
        return out;
    }

*/
static const uint8_t image_fs_source_metal_macos[391] = {
    0x23,0x69,0x6e,0x63,0x6c,0x75,0x64,0x65,0x20,0x3c,0x6d,0x65,0x74,0x61,0x6c,0x5f,
    0x73,0x74,0x64,0x6c,0x69,0x62,0x3e,0x0a,0x23,0x69,0x6e,0x63,0x6c,0x75,0x64,0x65,
    0x20,0x3c,0x73,0x69,0x6d,0x64,0x2f,0x73,0x69,0x6d,0x64,0x2e,0x68,0x3e,0x0a,0x0a,
    0x75,0x73,0x69,0x6e,0x67,0x20,0x6e,0x61,0x6d,0x65,0x73,0x70,0x61,0x63,0x65,0x20,
    0x6d,0x65,0x74,0x61,0x6c,0x3b,0x0a,0x0a,0x73,0x74,0x72,0x75,0x63,0x74,0x20,0x6d,
    0x61,0x69,0x6e,0x30,0x5f,0x6f,0x75,0x74,0x0a,0x7b,0x0a,0x20,0x20,0x20,0x20,0x66,
    0x6c,0x6f,0x61,0x74,0x34,0x20,0x66,0x72,0x61,0x67,0x20,0x5b,0x5b,0x63,0x6f,0x6c,
    0x6f,0x72,0x28,0x30,0x29,0x5d,0x5d,0x3b,0x0a,0x7d,0x3b,0x0a,0x0a,0x73,0x74,0x72,
    0x75,0x63,0x74,0x20,0x6d,0x61,0x69,0x6e,0x30,0x5f,0x69,0x6e,0x0a,0x7b,0x0a,0x20,
    0x20,0x20,0x20,0x66,0x6c,0x6f,0x61,0x74,0x32,0x20,0x76,0x55,0x56,0x20,0x5b,0x5b,
    0x75,0x73,0x65,0x72,0x28,0x6c,0x6f,0x63,0x6e,0x30,0x29,0x5d,0x5d,0x3b,0x0a,0x7d,
    0x3b,0x0a,0x0a,0x66,0x72,0x61,0x67,0x6d,0x65,0x6e,0x74,0x20,0x6d,0x61,0x69,0x6e,
    0x30,0x5f,0x6f,0x75,0x74,0x20,0x6d,0x61,0x69,0x6e,0x30,0x28,0x6d,0x61,0x69,0x6e,
    0x30,0x5f,0x69,0x6e,0x20,0x69,0x6e,0x20,0x5b,0x5b,0x73,0x74,0x61,0x67,0x65,0x5f,
    0x69,0x6e,0x5d,0x5d,0x2c,0x20,0x74,0x65,0x78,0x74,0x75,0x72,0x65,0x32,0x64,0x3c,
    0x66,0x6c,0x6f,0x61,0x74,0x3e,0x20,0x75,0x54,0x65,0x78,0x20,0x5b,0x5b,0x74,0x65,
    0x78,0x74,0x75,0x72,0x65,0x28,0x30,0x29,0x5d,0x5d,0x2c,0x20,0x73,0x61,0x6d,0x70,
    0x6c,0x65,0x72,0x20,0x75,0x49,0x6d,0x67,0x53,0x6d,0x70,0x20,0x5b,0x5b,0x73,0x61,
    0x6d,0x70,0x6c,0x65,0x72,0x28,0x30,0x29,0x5d,0x5d,0x29,0x0a,0x7b,0x0a,0x20,0x20,
    0x20,0x20,0x6d,0x61,0x69,0x6e,0x30,0x5f,0x6f,0x75,0x74,0x20,0x6f,0x75,0x74,0x20,
    0x3d,0x20,0x7b,0x7d,0x3b,0x0a,0x20,0x20,0x20,0x20,0x6f,0x75,0x74,0x2e,0x66,0x72,
    0x61,0x67,0x20,0x3d,0x20,0x75,0x54,0x65,0x78,0x2e,0x73,0x61,0x6d,0x70,0x6c,0x65,
    0x28,0x75,0x49,0x6d,0x67,0x53,0x6d,0x70,0x2c,0x20,0x69,0x6e,0x2e,0x76,0x55,0x56,
    0x29,0x3b,0x0a,0x20,0x20,0x20,0x20,0x72,0x65,0x74,0x75,0x72,0x6e,0x20,0x6f,0x75,
    0x74,0x3b,0x0a,0x7d,0x0a,0x0a,0x00,
};
static inline const sg_shader_desc* cell_shader_desc(sg_backend backend) {
    if (backend == SG_BACKEND_GLCORE) {
        static sg_shader_desc desc;
        static bool valid;
        if (!valid) {
            valid = true;
            desc.vertex_func.source = (const char*)cell_vs_source_glsl410;
            desc.vertex_func.entry = "main";
            desc.fragment_func.source = (const char*)cell_fs_source_glsl410;
            desc.fragment_func.entry = "main";
            desc.attrs[0].base_type = SG_SHADERATTRBASETYPE_FLOAT;
            desc.attrs[0].glsl_name = "aCorner";
            desc.attrs[1].base_type = SG_SHADERATTRBASETYPE_FLOAT;
            desc.attrs[1].glsl_name = "aRect";
            desc.attrs[2].base_type = SG_SHADERATTRBASETYPE_FLOAT;
            desc.attrs[2].glsl_name = "aUV";
            desc.attrs[3].base_type = SG_SHADERATTRBASETYPE_FLOAT;
            desc.attrs[3].glsl_name = "aColor";
            desc.attrs[4].base_type = SG_SHADERATTRBASETYPE_FLOAT;
            desc.attrs[4].glsl_name = "aFlags";
            desc.uniform_blocks[0].stage = SG_SHADERSTAGE_VERTEX;
            desc.uniform_blocks[0].layout = SG_UNIFORMLAYOUT_STD140;
            desc.uniform_blocks[0].size = 16;
            desc.uniform_blocks[0].glsl_uniforms[0].type = SG_UNIFORMTYPE_FLOAT4;
            desc.uniform_blocks[0].glsl_uniforms[0].array_count = 1;
            desc.uniform_blocks[0].glsl_uniforms[0].glsl_name = "cell_vs_params";
            desc.uniform_blocks[1].stage = SG_SHADERSTAGE_FRAGMENT;
            desc.uniform_blocks[1].layout = SG_UNIFORMLAYOUT_STD140;
            desc.uniform_blocks[1].size = 16;
            desc.uniform_blocks[1].glsl_uniforms[0].type = SG_UNIFORMTYPE_FLOAT4;
            desc.uniform_blocks[1].glsl_uniforms[0].array_count = 1;
            desc.uniform_blocks[1].glsl_uniforms[0].glsl_name = "cell_fs_params";
            desc.views[0].texture.stage = SG_SHADERSTAGE_FRAGMENT;
            desc.views[0].texture.image_type = SG_IMAGETYPE_2D;
            desc.views[0].texture.sample_type = SG_IMAGESAMPLETYPE_FLOAT;
            desc.views[0].texture.multisampled = false;
            desc.views[1].texture.stage = SG_SHADERSTAGE_FRAGMENT;
            desc.views[1].texture.image_type = SG_IMAGETYPE_2D;
            desc.views[1].texture.sample_type = SG_IMAGESAMPLETYPE_FLOAT;
            desc.views[1].texture.multisampled = false;
            desc.samplers[0].stage = SG_SHADERSTAGE_FRAGMENT;
            desc.samplers[0].sampler_type = SG_SAMPLERTYPE_FILTERING;
            desc.texture_sampler_pairs[0].stage = SG_SHADERSTAGE_FRAGMENT;
            desc.texture_sampler_pairs[0].view_slot = 1;
            desc.texture_sampler_pairs[0].sampler_slot = 0;
            desc.texture_sampler_pairs[0].glsl_name = "uColorAtlas_uSmp";
            desc.texture_sampler_pairs[1].stage = SG_SHADERSTAGE_FRAGMENT;
            desc.texture_sampler_pairs[1].view_slot = 0;
            desc.texture_sampler_pairs[1].sampler_slot = 0;
            desc.texture_sampler_pairs[1].glsl_name = "uAtlas_uSmp";
            desc.label = "cell_shader";
        }
        return &desc;
    }
    if (backend == SG_BACKEND_D3D11) {
        static sg_shader_desc desc;
        static bool valid;
        if (!valid) {
            valid = true;
            desc.vertex_func.source = (const char*)cell_vs_source_hlsl5;
            desc.vertex_func.d3d11_target = "vs_5_0";
            desc.vertex_func.entry = "main";
            desc.fragment_func.source = (const char*)cell_fs_source_hlsl5;
            desc.fragment_func.d3d11_target = "ps_5_0";
            desc.fragment_func.entry = "main";
            desc.attrs[0].base_type = SG_SHADERATTRBASETYPE_FLOAT;
            desc.attrs[0].hlsl_sem_name = "TEXCOORD";
            desc.attrs[0].hlsl_sem_index = 0;
            desc.attrs[1].base_type = SG_SHADERATTRBASETYPE_FLOAT;
            desc.attrs[1].hlsl_sem_name = "TEXCOORD";
            desc.attrs[1].hlsl_sem_index = 1;
            desc.attrs[2].base_type = SG_SHADERATTRBASETYPE_FLOAT;
            desc.attrs[2].hlsl_sem_name = "TEXCOORD";
            desc.attrs[2].hlsl_sem_index = 2;
            desc.attrs[3].base_type = SG_SHADERATTRBASETYPE_FLOAT;
            desc.attrs[3].hlsl_sem_name = "TEXCOORD";
            desc.attrs[3].hlsl_sem_index = 3;
            desc.attrs[4].base_type = SG_SHADERATTRBASETYPE_FLOAT;
            desc.attrs[4].hlsl_sem_name = "TEXCOORD";
            desc.attrs[4].hlsl_sem_index = 4;
            desc.uniform_blocks[0].stage = SG_SHADERSTAGE_VERTEX;
            desc.uniform_blocks[0].layout = SG_UNIFORMLAYOUT_STD140;
            desc.uniform_blocks[0].size = 16;
            desc.uniform_blocks[0].hlsl_register_b_n = 0;
            desc.uniform_blocks[1].stage = SG_SHADERSTAGE_FRAGMENT;
            desc.uniform_blocks[1].layout = SG_UNIFORMLAYOUT_STD140;
            desc.uniform_blocks[1].size = 16;
            desc.uniform_blocks[1].hlsl_register_b_n = 1;
            desc.views[0].texture.stage = SG_SHADERSTAGE_FRAGMENT;
            desc.views[0].texture.image_type = SG_IMAGETYPE_2D;
            desc.views[0].texture.sample_type = SG_IMAGESAMPLETYPE_FLOAT;
            desc.views[0].texture.multisampled = false;
            desc.views[0].texture.hlsl_register_t_n = 0;
            desc.views[1].texture.stage = SG_SHADERSTAGE_FRAGMENT;
            desc.views[1].texture.image_type = SG_IMAGETYPE_2D;
            desc.views[1].texture.sample_type = SG_IMAGESAMPLETYPE_FLOAT;
            desc.views[1].texture.multisampled = false;
            desc.views[1].texture.hlsl_register_t_n = 1;
            desc.samplers[0].stage = SG_SHADERSTAGE_FRAGMENT;
            desc.samplers[0].sampler_type = SG_SAMPLERTYPE_FILTERING;
            desc.samplers[0].hlsl_register_s_n = 0;
            desc.texture_sampler_pairs[0].stage = SG_SHADERSTAGE_FRAGMENT;
            desc.texture_sampler_pairs[0].view_slot = 1;
            desc.texture_sampler_pairs[0].sampler_slot = 0;
            desc.texture_sampler_pairs[1].stage = SG_SHADERSTAGE_FRAGMENT;
            desc.texture_sampler_pairs[1].view_slot = 0;
            desc.texture_sampler_pairs[1].sampler_slot = 0;
            desc.label = "cell_shader";
        }
        return &desc;
    }
    if (backend == SG_BACKEND_METAL_MACOS) {
        static sg_shader_desc desc;
        static bool valid;
        if (!valid) {
            valid = true;
            desc.vertex_func.source = (const char*)cell_vs_source_metal_macos;
            desc.vertex_func.entry = "main0";
            desc.fragment_func.source = (const char*)cell_fs_source_metal_macos;
            desc.fragment_func.entry = "main0";
            desc.attrs[0].base_type = SG_SHADERATTRBASETYPE_FLOAT;
            desc.attrs[1].base_type = SG_SHADERATTRBASETYPE_FLOAT;
            desc.attrs[2].base_type = SG_SHADERATTRBASETYPE_FLOAT;
            desc.attrs[3].base_type = SG_SHADERATTRBASETYPE_FLOAT;
            desc.attrs[4].base_type = SG_SHADERATTRBASETYPE_FLOAT;
            desc.uniform_blocks[0].stage = SG_SHADERSTAGE_VERTEX;
            desc.uniform_blocks[0].layout = SG_UNIFORMLAYOUT_STD140;
            desc.uniform_blocks[0].size = 16;
            desc.uniform_blocks[0].msl_buffer_n = 0;
            desc.uniform_blocks[1].stage = SG_SHADERSTAGE_FRAGMENT;
            desc.uniform_blocks[1].layout = SG_UNIFORMLAYOUT_STD140;
            desc.uniform_blocks[1].size = 16;
            desc.uniform_blocks[1].msl_buffer_n = 1;
            desc.views[0].texture.stage = SG_SHADERSTAGE_FRAGMENT;
            desc.views[0].texture.image_type = SG_IMAGETYPE_2D;
            desc.views[0].texture.sample_type = SG_IMAGESAMPLETYPE_FLOAT;
            desc.views[0].texture.multisampled = false;
            desc.views[0].texture.msl_texture_n = 0;
            desc.views[1].texture.stage = SG_SHADERSTAGE_FRAGMENT;
            desc.views[1].texture.image_type = SG_IMAGETYPE_2D;
            desc.views[1].texture.sample_type = SG_IMAGESAMPLETYPE_FLOAT;
            desc.views[1].texture.multisampled = false;
            desc.views[1].texture.msl_texture_n = 1;
            desc.samplers[0].stage = SG_SHADERSTAGE_FRAGMENT;
            desc.samplers[0].sampler_type = SG_SAMPLERTYPE_FILTERING;
            desc.samplers[0].msl_sampler_n = 0;
            desc.texture_sampler_pairs[0].stage = SG_SHADERSTAGE_FRAGMENT;
            desc.texture_sampler_pairs[0].view_slot = 1;
            desc.texture_sampler_pairs[0].sampler_slot = 0;
            desc.texture_sampler_pairs[1].stage = SG_SHADERSTAGE_FRAGMENT;
            desc.texture_sampler_pairs[1].view_slot = 0;
            desc.texture_sampler_pairs[1].sampler_slot = 0;
            desc.label = "cell_shader";
        }
        return &desc;
    }
    return 0;
}
static inline const sg_shader_desc* image_shader_desc(sg_backend backend) {
    if (backend == SG_BACKEND_GLCORE) {
        static sg_shader_desc desc;
        static bool valid;
        if (!valid) {
            valid = true;
            desc.vertex_func.source = (const char*)image_vs_source_glsl410;
            desc.vertex_func.entry = "main";
            desc.fragment_func.source = (const char*)image_fs_source_glsl410;
            desc.fragment_func.entry = "main";
            desc.attrs[0].base_type = SG_SHADERATTRBASETYPE_FLOAT;
            desc.attrs[0].glsl_name = "aCorner";
            desc.uniform_blocks[0].stage = SG_SHADERSTAGE_VERTEX;
            desc.uniform_blocks[0].layout = SG_UNIFORMLAYOUT_STD140;
            desc.uniform_blocks[0].size = 32;
            desc.uniform_blocks[0].glsl_uniforms[0].type = SG_UNIFORMTYPE_FLOAT4;
            desc.uniform_blocks[0].glsl_uniforms[0].array_count = 2;
            desc.uniform_blocks[0].glsl_uniforms[0].glsl_name = "image_vs_params";
            desc.views[0].texture.stage = SG_SHADERSTAGE_FRAGMENT;
            desc.views[0].texture.image_type = SG_IMAGETYPE_2D;
            desc.views[0].texture.sample_type = SG_IMAGESAMPLETYPE_FLOAT;
            desc.views[0].texture.multisampled = false;
            desc.samplers[0].stage = SG_SHADERSTAGE_FRAGMENT;
            desc.samplers[0].sampler_type = SG_SAMPLERTYPE_FILTERING;
            desc.texture_sampler_pairs[0].stage = SG_SHADERSTAGE_FRAGMENT;
            desc.texture_sampler_pairs[0].view_slot = 0;
            desc.texture_sampler_pairs[0].sampler_slot = 0;
            desc.texture_sampler_pairs[0].glsl_name = "uTex_uImgSmp";
            desc.label = "image_shader";
        }
        return &desc;
    }
    if (backend == SG_BACKEND_D3D11) {
        static sg_shader_desc desc;
        static bool valid;
        if (!valid) {
            valid = true;
            desc.vertex_func.source = (const char*)image_vs_source_hlsl5;
            desc.vertex_func.d3d11_target = "vs_5_0";
            desc.vertex_func.entry = "main";
            desc.fragment_func.source = (const char*)image_fs_source_hlsl5;
            desc.fragment_func.d3d11_target = "ps_5_0";
            desc.fragment_func.entry = "main";
            desc.attrs[0].base_type = SG_SHADERATTRBASETYPE_FLOAT;
            desc.attrs[0].hlsl_sem_name = "TEXCOORD";
            desc.attrs[0].hlsl_sem_index = 0;
            desc.uniform_blocks[0].stage = SG_SHADERSTAGE_VERTEX;
            desc.uniform_blocks[0].layout = SG_UNIFORMLAYOUT_STD140;
            desc.uniform_blocks[0].size = 32;
            desc.uniform_blocks[0].hlsl_register_b_n = 0;
            desc.views[0].texture.stage = SG_SHADERSTAGE_FRAGMENT;
            desc.views[0].texture.image_type = SG_IMAGETYPE_2D;
            desc.views[0].texture.sample_type = SG_IMAGESAMPLETYPE_FLOAT;
            desc.views[0].texture.multisampled = false;
            desc.views[0].texture.hlsl_register_t_n = 0;
            desc.samplers[0].stage = SG_SHADERSTAGE_FRAGMENT;
            desc.samplers[0].sampler_type = SG_SAMPLERTYPE_FILTERING;
            desc.samplers[0].hlsl_register_s_n = 0;
            desc.texture_sampler_pairs[0].stage = SG_SHADERSTAGE_FRAGMENT;
            desc.texture_sampler_pairs[0].view_slot = 0;
            desc.texture_sampler_pairs[0].sampler_slot = 0;
            desc.label = "image_shader";
        }
        return &desc;
    }
    if (backend == SG_BACKEND_METAL_MACOS) {
        static sg_shader_desc desc;
        static bool valid;
        if (!valid) {
            valid = true;
            desc.vertex_func.source = (const char*)image_vs_source_metal_macos;
            desc.vertex_func.entry = "main0";
            desc.fragment_func.source = (const char*)image_fs_source_metal_macos;
            desc.fragment_func.entry = "main0";
            desc.attrs[0].base_type = SG_SHADERATTRBASETYPE_FLOAT;
            desc.uniform_blocks[0].stage = SG_SHADERSTAGE_VERTEX;
            desc.uniform_blocks[0].layout = SG_UNIFORMLAYOUT_STD140;
            desc.uniform_blocks[0].size = 32;
            desc.uniform_blocks[0].msl_buffer_n = 0;
            desc.views[0].texture.stage = SG_SHADERSTAGE_FRAGMENT;
            desc.views[0].texture.image_type = SG_IMAGETYPE_2D;
            desc.views[0].texture.sample_type = SG_IMAGESAMPLETYPE_FLOAT;
            desc.views[0].texture.multisampled = false;
            desc.views[0].texture.msl_texture_n = 0;
            desc.samplers[0].stage = SG_SHADERSTAGE_FRAGMENT;
            desc.samplers[0].sampler_type = SG_SAMPLERTYPE_FILTERING;
            desc.samplers[0].msl_sampler_n = 0;
            desc.texture_sampler_pairs[0].stage = SG_SHADERSTAGE_FRAGMENT;
            desc.texture_sampler_pairs[0].view_slot = 0;
            desc.texture_sampler_pairs[0].sampler_slot = 0;
            desc.label = "image_shader";
        }
        return &desc;
    }
    return 0;
}
